sku_id,week_start,category,subcategory,units_sold,model_forecast,seasonal_naive_forecast,residual,abs_error_model,abs_error_baseline
SKU0001,2025-11-10,Furniture,Chairs,42.0,43.866973038505265,43.0,-1.8669730385052645,1.8669730385052645,1.0
SKU0001,2025-11-17,Furniture,Chairs,33.0,35.13731933532367,42.0,-2.1373193353236672,2.1373193353236672,9.0
SKU0001,2025-11-24,Furniture,Chairs,22.0,28.88887057898775,32.0,-6.888870578987749,6.888870578987749,10.0
SKU0001,2025-12-01,Furniture,Chairs,36.0,40.423246146827694,52.0,-4.423246146827694,4.423246146827694,16.0
SKU0001,2025-12-08,Furniture,Chairs,18.0,24.62837745585796,18.0,-6.628377455857962,6.628377455857962,0.0
SKU0001,2025-12-15,Furniture,Chairs,25.0,25.79433748479464,31.0,-0.7943374847946387,0.7943374847946387,6.0
SKU0001,2025-12-22,Furniture,Chairs,31.0,33.4336999083046,25.0,-2.4336999083045967,2.4336999083045967,6.0
SKU0001,2025-12-29,Furniture,Chairs,9.0,7.375469106205543,37.0,1.6245308937944571,1.6245308937944571,28.0
SKU0002,2025-11-10,Furniture,Storage,11.0,11.511129564064596,11.0,-0.5111295640645963,0.5111295640645963,0.0
SKU0002,2025-11-17,Furniture,Storage,17.0,19.42187898978989,8.0,-2.4218789897898887,2.4218789897898887,9.0
SKU0002,2025-11-24,Furniture,Storage,13.0,14.144496867481497,14.0,-1.1444968674814966,1.1444968674814966,1.0
SKU0002,2025-12-01,Furniture,Storage,15.0,16.757894896805333,2.0,-1.7578948968053325,1.7578948968053325,13.0
SKU0002,2025-12-08,Furniture,Storage,6.0,9.460312292709485,6.0,-3.460312292709485,3.460312292709485,0.0
SKU0002,2025-12-15,Furniture,Storage,8.0,15.684088797670018,7.0,-7.684088797670018,7.684088797670018,1.0
SKU0002,2025-12-22,Furniture,Storage,3.0,7.915780566490181,6.0,-4.915780566490181,4.915780566490181,3.0
SKU0002,2025-12-29,Furniture,Storage,5.0,1.338669204423951,12.0,3.661330795576049,3.661330795576049,7.0
SKU0003,2025-11-10,Kitchen,Cookware,85.0,83.0838975667729,65.0,1.9161024332270955,1.9161024332270955,20.0
SKU0003,2025-11-17,Kitchen,Cookware,73.0,77.28664514470518,33.0,-4.286645144705176,4.286645144705176,40.0
SKU0003,2025-11-24,Kitchen,Cookware,46.0,52.138621643672366,71.0,-6.138621643672366,6.138621643672366,25.0
SKU0003,2025-12-01,Kitchen,Cookware,78.0,72.7796689890524,51.0,5.2203310109476035,5.2203310109476035,27.0
SKU0003,2025-12-08,Kitchen,Cookware,53.0,55.844949402375505,43.0,-2.844949402375505,2.844949402375505,10.0
SKU0003,2025-12-15,Kitchen,Cookware,38.0,40.13956352271027,38.0,-2.1395635227102687,2.1395635227102687,0.0
SKU0003,2025-12-22,Kitchen,Cookware,31.0,34.79655743445808,42.0,-3.79655743445808,3.79655743445808,11.0
SKU0003,2025-12-29,Kitchen,Cookware,13.0,11.439418497067432,55.0,1.5605815029325676,1.5605815029325676,42.0
SKU0004,2025-11-10,Home Decor,Wall Art,11.0,13.191603552767848,10.0,-2.191603552767848,2.191603552767848,1.0
SKU0004,2025-11-17,Home Decor,Wall Art,10.0,11.488787536398007,3.0,-1.4887875363980072,1.4887875363980072,7.0
SKU0004,2025-11-24,Home Decor,Wall Art,10.0,16.636823240338476,5.0,-6.636823240338476,6.636823240338476,5.0
SKU0004,2025-12-01,Home Decor,Wall Art,9.0,8.232138069986242,9.0,0.7678619300137584,0.7678619300137584,0.0
SKU0004,2025-12-08,Home Decor,Wall Art,5.0,7.214427878874705,4.0,-2.214427878874705,2.214427878874705,1.0
SKU0004,2025-12-15,Home Decor,Wall Art,2.0,3.396423735659699,2.0,-1.396423735659699,1.396423735659699,0.0
SKU0004,2025-12-22,Home Decor,Wall Art,1.0,0.0,4.0,1.0,1.0,3.0
SKU0004,2025-12-29,Home Decor,Wall Art,1.0,0.0,10.0,1.0,1.0,9.0
SKU0005,2025-11-10,Home Decor,Vases,72.0,77.93507907271106,92.0,-5.935079072711062,5.935079072711062,20.0
SKU0005,2025-11-17,Home Decor,Vases,59.0,64.20422090669473,74.0,-5.204220906694729,5.204220906694729,15.0
SKU0005,2025-11-24,Home Decor,Vases,61.0,62.985899006116156,70.0,-1.9858990061161563,1.9858990061161563,9.0
SKU0005,2025-12-01,Home Decor,Vases,83.0,80.29930999201505,92.0,2.700690007984946,2.700690007984946,9.0
SKU0005,2025-12-08,Home Decor,Vases,62.0,58.35691424987988,52.0,3.6430857501201217,3.6430857501201217,10.0
SKU0005,2025-12-15,Home Decor,Vases,31.0,39.41849295828832,51.0,-8.418492958288319,8.418492958288319,20.0
SKU0005,2025-12-22,Home Decor,Vases,39.0,44.70212192801114,49.0,-5.702121928011138,5.702121928011138,10.0
SKU0005,2025-12-29,Home Decor,Vases,13.0,15.77665783146189,62.0,-2.7766578314618897,2.7766578314618897,49.0
SKU0006,2025-11-10,Bedding,Comforters,33.0,36.15552980375781,23.0,-3.1555298037578083,3.1555298037578083,10.0
SKU0006,2025-11-17,Bedding,Comforters,42.0,37.4035701330024,30.0,4.596429866997603,4.596429866997603,12.0
SKU0006,2025-11-24,Bedding,Comforters,20.0,21.244203155654333,22.0,-1.2442031556543327,1.2442031556543327,2.0
SKU0006,2025-12-01,Bedding,Comforters,32.0,36.69278886701292,31.0,-4.692788867012922,4.692788867012922,1.0
SKU0006,2025-12-08,Bedding,Comforters,17.0,13.821243763675554,13.0,3.178756236324446,3.178756236324446,4.0
SKU0006,2025-12-15,Bedding,Comforters,17.0,24.45851628501813,13.0,-7.458516285018131,7.458516285018131,4.0
SKU0006,2025-12-22,Bedding,Comforters,23.0,30.104294742581814,15.0,-7.104294742581814,7.104294742581814,8.0
SKU0006,2025-12-29,Bedding,Comforters,7.0,0.8749667067393432,25.0,6.125033293260657,6.125033293260657,18.0
SKU0007,2025-11-10,Lighting,Decor Lights,45.0,45.72246610358171,82.0,-0.7224661035817093,0.7224661035817093,37.0
SKU0007,2025-11-17,Lighting,Decor Lights,63.0,69.17222509876132,71.0,-6.1722250987613165,6.1722250987613165,8.0
SKU0007,2025-11-24,Lighting,Decor Lights,37.0,46.06304124119822,45.0,-9.06304124119822,9.06304124119822,8.0
SKU0007,2025-12-01,Lighting,Decor Lights,43.0,37.529570387704716,77.0,5.470429612295284,5.470429612295284,34.0
SKU0007,2025-12-08,Lighting,Decor Lights,45.0,48.17569598988205,36.0,-3.175695989882051,3.175695989882051,9.0
SKU0007,2025-12-15,Lighting,Decor Lights,33.0,33.2574357680145,31.0,-0.25743576801450274,0.25743576801450274,2.0
SKU0007,2025-12-22,Lighting,Decor Lights,21.0,30.380745748063863,24.0,-9.380745748063863,9.380745748063863,3.0
SKU0007,2025-12-29,Lighting,Decor Lights,20.0,18.618293958850707,70.0,1.3817060411492932,1.3817060411492932,50.0
SKU0008,2025-11-10,Bedding,Blankets,16.0,16.64333518092959,13.0,-0.64333518092959,0.64333518092959,3.0
SKU0008,2025-11-17,Bedding,Blankets,22.0,23.38802896922738,12.0,-1.3880289692273813,1.3880289692273813,10.0
SKU0008,2025-11-24,Bedding,Blankets,17.0,17.079733489770383,10.0,-0.07973348977038341,0.07973348977038341,7.0
SKU0008,2025-12-01,Bedding,Blankets,14.0,12.37145264576452,22.0,1.6285473542354794,1.6285473542354794,8.0
SKU0008,2025-12-08,Bedding,Blankets,8.0,6.122987853420124,2.0,1.877012146579876,1.877012146579876,6.0
SKU0008,2025-12-15,Bedding,Blankets,8.0,15.135491309349097,2.0,-7.1354913093490975,7.1354913093490975,6.0
SKU0008,2025-12-22,Bedding,Blankets,11.0,17.87770017844464,10.0,-6.877700178444641,6.877700178444641,1.0
SKU0008,2025-12-29,Bedding,Blankets,3.0,0.0,17.0,3.0,3.0,14.0
SKU0009,2025-11-10,Bedding,Bedsheets,44.0,44.207821489023715,56.0,-0.2078214890237149,0.2078214890237149,12.0
SKU0009,2025-11-17,Bedding,Bedsheets,43.0,47.6370128279786,47.0,-4.637012827978602,4.637012827978602,4.0
SKU0009,2025-11-24,Bedding,Bedsheets,31.0,32.0348672140328,34.0,-1.0348672140328006,1.0348672140328006,3.0
SKU0009,2025-12-01,Bedding,Bedsheets,47.0,44.65173561591078,34.0,2.3482643840892194,2.3482643840892194,13.0
SKU0009,2025-12-08,Bedding,Bedsheets,35.0,37.49950069755454,23.0,-2.499500697554538,2.499500697554538,12.0
SKU0009,2025-12-15,Bedding,Bedsheets,23.0,28.282645741503764,20.0,-5.282645741503764,5.282645741503764,3.0
SKU0009,2025-12-22,Bedding,Bedsheets,29.0,29.92187554269979,25.0,-0.9218755426997909,0.9218755426997909,4.0
SKU0009,2025-12-29,Bedding,Bedsheets,3.0,0.0,33.0,3.0,3.0,30.0
SKU0010,2025-11-10,Lighting,Table Lamps,51.0,48.42310655742231,32.0,2.576893442577692,2.576893442577692,19.0
SKU0010,2025-11-17,Lighting,Table Lamps,36.0,41.100582769123804,27.0,-5.100582769123804,5.100582769123804,9.0
SKU0010,2025-11-24,Lighting,Table Lamps,38.0,40.5037281872991,41.0,-2.503728187299103,2.503728187299103,3.0
SKU0010,2025-12-01,Lighting,Table Lamps,39.0,37.91122365697274,37.0,1.0887763430272628,1.0887763430272628,2.0
SKU0010,2025-12-08,Lighting,Table Lamps,23.0,29.87125342561108,16.0,-6.87125342561108,6.87125342561108,7.0
SKU0010,2025-12-15,Lighting,Table Lamps,13.0,18.27943124005335,16.0,-5.2794312400533485,5.2794312400533485,3.0
SKU0010,2025-12-22,Lighting,Table Lamps,11.0,19.012822895364597,18.0,-8.012822895364597,8.012822895364597,7.0
SKU0010,2025-12-29,Lighting,Table Lamps,5.0,2.2829113565857355,35.0,2.7170886434142645,2.7170886434142645,30.0
SKU0011,2025-11-10,Furniture,Tables,38.0,39.37366603367639,79.0,-1.3736660336763933,1.3736660336763933,41.0
SKU0011,2025-11-17,Furniture,Tables,56.0,50.63072269866559,50.0,5.369277301334407,5.369277301334407,6.0
SKU0011,2025-11-24,Furniture,Tables,52.0,54.227217148850805,52.0,-2.227217148850805,2.227217148850805,0.0
SKU0011,2025-12-01,Furniture,Tables,54.0,55.77237295083803,46.0,-1.772372950838033,1.772372950838033,8.0
SKU0011,2025-12-08,Furniture,Tables,29.0,33.08275643662879,18.0,-4.082756436628792,4.082756436628792,11.0
SKU0011,2025-12-15,Furniture,Tables,29.0,30.123253176120205,36.0,-1.1232531761202047,1.1232531761202047,7.0
SKU0011,2025-12-22,Furniture,Tables,33.0,32.93550469517057,35.0,0.06449530482942833,0.06449530482942833,2.0
SKU0011,2025-12-29,Furniture,Tables,19.0,16.309271630574447,48.0,2.6907283694255533,2.6907283694255533,29.0
SKU0012,2025-11-10,Lighting,Ceiling Lights,48.0,47.54282366641403,48.0,0.45717633358597,0.45717633358597,0.0
SKU0012,2025-11-17,Lighting,Ceiling Lights,61.0,63.84290817989089,57.0,-2.842908179890891,2.842908179890891,4.0
SKU0012,2025-11-24,Lighting,Ceiling Lights,56.0,53.30088738888705,70.0,2.6991126111129518,2.6991126111129518,14.0
SKU0012,2025-12-01,Lighting,Ceiling Lights,55.0,62.021433456602225,55.0,-7.0214334566022245,7.0214334566022245,0.0
SKU0012,2025-12-08,Lighting,Ceiling Lights,41.0,41.20061929386309,35.0,-0.20061929386309174,0.20061929386309174,6.0
SKU0012,2025-12-15,Lighting,Ceiling Lights,27.0,31.140507975317572,25.0,-4.140507975317572,4.140507975317572,2.0
SKU0012,2025-12-22,Lighting,Ceiling Lights,23.0,31.54650186853028,22.0,-8.546501868530282,8.546501868530282,1.0
SKU0012,2025-12-29,Lighting,Ceiling Lights,19.0,14.502544455521624,38.0,4.497455544478376,4.497455544478376,19.0
SKU0013,2025-11-10,Furniture,Storage,64.0,68.40444397021744,66.0,-4.404443970217443,4.404443970217443,2.0
SKU0013,2025-11-17,Furniture,Storage,52.0,56.78336283884585,80.0,-4.7833628388458465,4.7833628388458465,28.0
SKU0013,2025-11-24,Furniture,Storage,54.0,57.32095985145774,63.0,-3.3209598514577365,3.3209598514577365,9.0
SKU0013,2025-12-01,Furniture,Storage,85.0,82.5448547302352,74.0,2.455145269764799,2.455145269764799,11.0
SKU0013,2025-12-08,Furniture,Storage,56.0,54.568553803192515,47.0,1.4314461968074852,1.4314461968074852,9.0
SKU0013,2025-12-15,Furniture,Storage,38.0,45.16458944616677,43.0,-7.164589446166772,7.164589446166772,5.0
SKU0013,2025-12-22,Furniture,Storage,30.0,34.64913116178141,30.0,-4.649131161781412,4.649131161781412,0.0
SKU0013,2025-12-29,Furniture,Storage,12.0,13.879016988168214,57.0,-1.879016988168214,1.879016988168214,45.0
SKU0014,2025-11-10,Lighting,Floor Lamps,31.0,30.83220681913115,26.0,0.16779318086884842,0.16779318086884842,5.0
SKU0014,2025-11-17,Lighting,Floor Lamps,39.0,37.236902593817184,23.0,1.7630974061828155,1.7630974061828155,16.0
SKU0014,2025-11-24,Lighting,Floor Lamps,37.0,39.135012748880015,31.0,-2.1350127488800155,2.1350127488800155,6.0
SKU0014,2025-12-01,Lighting,Floor Lamps,20.0,23.556329942039,29.0,-3.5563299420389995,3.5563299420389995,9.0
SKU0014,2025-12-08,Lighting,Floor Lamps,16.0,15.3948903861194,12.0,0.6051096138806003,0.6051096138806003,4.0
SKU0014,2025-12-15,Lighting,Floor Lamps,12.0,16.68458941855505,19.0,-4.684589418555049,4.684589418555049,7.0
SKU0014,2025-12-22,Lighting,Floor Lamps,13.0,15.211371684881117,3.0,-2.211371684881117,2.211371684881117,10.0
SKU0014,2025-12-29,Lighting,Floor Lamps,4.0,0.26086003794053525,17.0,3.7391399620594648,3.7391399620594648,13.0
SKU0015,2025-11-10,Furniture,Shelves,43.0,44.46955381346865,0.0,-1.46955381346865,1.46955381346865,43.0
SKU0015,2025-11-17,Furniture,Shelves,53.0,51.61108977568941,0.0,1.3889102243105924,1.3889102243105924,53.0
SKU0015,2025-11-24,Furniture,Shelves,36.0,37.6904898405522,0.0,-1.6904898405522033,1.6904898405522033,36.0
SKU0015,2025-12-01,Furniture,Shelves,67.0,63.792493428219295,0.0,3.207506571780705,3.207506571780705,67.0
SKU0015,2025-12-08,Furniture,Shelves,41.0,42.39435342320495,0.0,-1.3943534232049473,1.3943534232049473,41.0
SKU0015,2025-12-15,Furniture,Shelves,37.0,39.302849666021885,0.0,-2.302849666021885,2.302849666021885,37.0
SKU0015,2025-12-22,Furniture,Shelves,26.0,31.48626475486505,0.0,-5.486264754865051,5.486264754865051,26.0
SKU0015,2025-12-29,Furniture,Shelves,9.0,12.055175957577077,0.0,-3.0551759575770774,3.0551759575770774,9.0
SKU0016,2025-11-10,Bedding,Pillows,35.0,37.921463529510376,35.0,-2.921463529510376,2.921463529510376,0.0
SKU0016,2025-11-17,Bedding,Pillows,22.0,20.747569369949368,38.0,1.2524306300506325,1.2524306300506325,16.0
SKU0016,2025-11-24,Bedding,Pillows,27.0,27.717427974073498,49.0,-0.7174279740734981,0.7174279740734981,22.0
SKU0016,2025-12-01,Bedding,Pillows,39.0,37.756163808938105,36.0,1.2438361910618951,1.2438361910618951,3.0
SKU0016,2025-12-08,Bedding,Pillows,28.0,33.757831023816976,18.0,-5.757831023816976,5.757831023816976,10.0
SKU0016,2025-12-15,Bedding,Pillows,26.0,28.578884979488265,16.0,-2.578884979488265,2.578884979488265,10.0
SKU0016,2025-12-22,Bedding,Pillows,16.0,16.05813311755734,16.0,-0.05813311755733963,0.05813311755733963,0.0
SKU0016,2025-12-29,Bedding,Pillows,7.0,6.225145696863578,27.0,0.7748543031364221,0.7748543031364221,20.0
SKU0017,2025-11-10,Furniture,Shelves,38.0,36.36883881104016,0.0,1.6311611889598367,1.6311611889598367,38.0
SKU0017,2025-11-17,Furniture,Shelves,33.0,43.52312363829092,0.0,-10.523123638290919,10.523123638290919,33.0
SKU0017,2025-11-24,Furniture,Shelves,30.0,33.958489390972034,0.0,-3.9584893909720336,3.9584893909720336,30.0
SKU0017,2025-12-01,Furniture,Shelves,19.0,20.69070640531513,0.0,-1.6907064053151295,1.6907064053151295,19.0
SKU0017,2025-12-08,Furniture,Shelves,24.0,29.54896477327905,0.0,-5.5489647732790495,5.5489647732790495,24.0
SKU0017,2025-12-15,Furniture,Shelves,19.0,26.933345703472938,0.0,-7.933345703472938,7.933345703472938,19.0
SKU0017,2025-12-22,Furniture,Shelves,14.0,21.06340861717514,0.0,-7.0634086171751385,7.0634086171751385,14.0
SKU0017,2025-12-29,Furniture,Shelves,6.0,4.991058802186345,0.0,1.0089411978136553,1.0089411978136553,6.0
SKU0018,2025-11-10,Furniture,Shelves,43.0,51.47212429042084,55.0,-8.472124290420837,8.472124290420837,12.0
SKU0018,2025-11-17,Furniture,Shelves,52.0,60.01337839860343,61.0,-8.013378398603429,8.013378398603429,9.0
SKU0018,2025-11-24,Furniture,Shelves,44.0,50.8913720788657,33.0,-6.8913720788657,6.8913720788657,11.0
SKU0018,2025-12-01,Furniture,Shelves,44.0,53.077150353981395,66.0,-9.077150353981395,9.077150353981395,22.0
SKU0018,2025-12-08,Furniture,Shelves,34.0,35.4948755192178,28.0,-1.4948755192177998,1.4948755192177998,6.0
SKU0018,2025-12-15,Furniture,Shelves,29.0,29.72806941432632,38.0,-0.7280694143263204,0.7280694143263204,9.0
SKU0018,2025-12-22,Furniture,Shelves,25.0,28.82539355944652,37.0,-3.825393559446521,3.825393559446521,12.0
SKU0018,2025-12-29,Furniture,Shelves,13.0,9.051286547191967,53.0,3.9487134528080325,3.9487134528080325,40.0
SKU0019,2025-11-10,Kitchen,Appliances,95.0,95.95297554011623,71.0,-0.9529755401162276,0.9529755401162276,24.0
SKU0019,2025-11-17,Kitchen,Appliances,110.0,104.58246740034987,119.0,5.41753259965013,5.41753259965013,9.0
SKU0019,2025-11-24,Kitchen,Appliances,91.0,106.44482310390856,117.0,-15.444823103908561,15.444823103908561,26.0
SKU0019,2025-12-01,Kitchen,Appliances,65.0,73.70839064713071,110.0,-8.708390647130713,8.708390647130713,45.0
SKU0019,2025-12-08,Kitchen,Appliances,82.0,74.69753907037102,72.0,7.302460929628978,7.302460929628978,10.0
SKU0019,2025-12-15,Kitchen,Appliances,100.0,90.70676346686605,63.0,9.29323653313395,9.29323653313395,37.0
SKU0019,2025-12-22,Kitchen,Appliances,58.0,59.42130702481326,66.0,-1.4213070248132595,1.4213070248132595,8.0
SKU0019,2025-12-29,Kitchen,Appliances,16.0,20.32901237778666,106.0,-4.329012377786661,4.329012377786661,90.0
SKU0020,2025-11-10,Bedding,Bedsheets,16.0,18.044876654828194,14.0,-2.044876654828194,2.044876654828194,2.0
SKU0020,2025-11-17,Bedding,Bedsheets,13.0,17.74794088274085,24.0,-4.747940882740849,4.747940882740849,11.0
SKU0020,2025-11-24,Bedding,Bedsheets,23.0,19.97599427777645,13.0,3.0240057222235492,3.0240057222235492,10.0
SKU0020,2025-12-01,Bedding,Bedsheets,15.0,12.349847001019654,15.0,2.650152998980346,2.650152998980346,0.0
SKU0020,2025-12-08,Bedding,Bedsheets,14.0,14.17905853097968,8.0,-0.17905853097967928,0.17905853097967928,6.0
SKU0020,2025-12-15,Bedding,Bedsheets,4.0,7.424549411607586,8.0,-3.424549411607586,3.424549411607586,4.0
SKU0020,2025-12-22,Bedding,Bedsheets,14.0,14.811787653083222,7.0,-0.811787653083222,0.811787653083222,7.0
SKU0020,2025-12-29,Bedding,Bedsheets,1.0,0.0,13.0,1.0,1.0,12.0
SKU0021,2025-11-10,Lighting,Decor Lights,53.0,51.25579455062886,49.0,1.7442054493711368,1.7442054493711368,4.0
SKU0021,2025-11-17,Lighting,Decor Lights,47.0,53.53939823574233,36.0,-6.539398235742333,6.539398235742333,11.0
SKU0021,2025-11-24,Lighting,Decor Lights,45.0,50.21682586168872,46.0,-5.216825861688719,5.216825861688719,1.0
SKU0021,2025-12-01,Lighting,Decor Lights,32.0,33.80716594034287,51.0,-1.8071659403428697,1.8071659403428697,19.0
SKU0021,2025-12-08,Lighting,Decor Lights,35.0,37.20896716859803,24.0,-2.208967168598029,2.208967168598029,11.0
SKU0021,2025-12-15,Lighting,Decor Lights,43.0,42.120344117831394,37.0,0.8796558821686062,0.8796558821686062,6.0
SKU0021,2025-12-22,Lighting,Decor Lights,14.0,22.070848255904764,32.0,-8.070848255904764,8.070848255904764,18.0
SKU0021,2025-12-29,Lighting,Decor Lights,17.0,15.420953545313544,25.0,1.5790464546864555,1.5790464546864555,8.0
SKU0022,2025-11-10,Kitchen,Serveware,41.0,38.76126778558043,0.0,2.2387322144195707,2.2387322144195707,41.0
SKU0022,2025-11-17,Kitchen,Serveware,43.0,45.26922021347528,0.0,-2.269220213475279,2.269220213475279,43.0
SKU0022,2025-11-24,Kitchen,Serveware,18.0,22.274433052759186,0.0,-4.274433052759186,4.274433052759186,18.0
SKU0022,2025-12-01,Kitchen,Serveware,21.0,24.37941184517036,0.0,-3.3794118451703596,3.3794118451703596,21.0
SKU0022,2025-12-08,Kitchen,Serveware,13.0,20.89693753947995,0.0,-7.89693753947995,7.89693753947995,13.0
SKU0022,2025-12-15,Kitchen,Serveware,13.0,16.005620730247855,0.0,-3.0056207302478555,3.0056207302478555,13.0
SKU0022,2025-12-22,Kitchen,Serveware,10.0,14.743796808633695,0.0,-4.743796808633695,4.743796808633695,10.0
SKU0022,2025-12-29,Kitchen,Serveware,9.0,6.425498779057094,0.0,2.5745012209429063,2.5745012209429063,9.0
SKU0023,2025-11-10,Furniture,Tables,47.0,45.65062723694351,49.0,1.3493727630564933,1.3493727630564933,2.0
SKU0023,2025-11-17,Furniture,Tables,43.0,46.27655045274892,45.0,-3.2765504527489213,3.2765504527489213,2.0
SKU0023,2025-11-24,Furniture,Tables,30.0,34.234227918354655,32.0,-4.234227918354655,4.234227918354655,2.0
SKU0023,2025-12-01,Furniture,Tables,48.0,45.57582088405232,34.0,2.4241791159476804,2.4241791159476804,14.0
SKU0023,2025-12-08,Furniture,Tables,28.0,34.17294278281979,30.0,-6.1729427828197885,6.1729427828197885,2.0
SKU0023,2025-12-15,Furniture,Tables,17.0,23.347945722448184,14.0,-6.347945722448184,6.347945722448184,3.0
SKU0023,2025-12-22,Furniture,Tables,27.0,29.473711196470667,12.0,-2.473711196470667,2.473711196470667,15.0
SKU0023,2025-12-29,Furniture,Tables,4.0,0.0,43.0,4.0,4.0,39.0
SKU0024,2025-11-10,Home Decor,Vases,38.0,39.54426443929632,0.0,-1.5442644392963203,1.5442644392963203,38.0
SKU0024,2025-11-17,Home Decor,Vases,33.0,37.237519720849605,0.0,-4.237519720849605,4.237519720849605,33.0
SKU0024,2025-11-24,Home Decor,Vases,50.0,48.692508586792485,0.0,1.307491413207515,1.307491413207515,50.0
SKU0024,2025-12-01,Home Decor,Vases,42.0,47.438846374306465,0.0,-5.438846374306465,5.438846374306465,42.0
SKU0024,2025-12-08,Home Decor,Vases,26.0,34.04705493788283,0.0,-8.047054937882827,8.047054937882827,26.0
SKU0024,2025-12-15,Home Decor,Vases,30.0,35.16013277503031,0.0,-5.160132775030313,5.160132775030313,30.0
SKU0024,2025-12-22,Home Decor,Vases,24.0,27.632779724832876,31.0,-3.6327797248328757,3.6327797248328757,7.0
SKU0024,2025-12-29,Home Decor,Vases,12.0,8.090279318807042,40.0,3.909720681192958,3.909720681192958,28.0
SKU0025,2025-11-10,Kitchen,Storage Jars,82.0,83.19752806310206,46.0,-1.1975280631020553,1.1975280631020553,36.0
SKU0025,2025-11-17,Kitchen,Storage Jars,52.0,53.786212030056895,60.0,-1.7862120300568947,1.7862120300568947,8.0
SKU0025,2025-11-24,Kitchen,Storage Jars,47.0,53.522490044047686,41.0,-6.522490044047686,6.522490044047686,6.0
SKU0025,2025-12-01,Kitchen,Storage Jars,48.0,50.797923620407545,78.0,-2.797923620407545,2.797923620407545,30.0
SKU0025,2025-12-08,Kitchen,Storage Jars,33.0,38.36147493848701,35.0,-5.361474938487007,5.361474938487007,2.0
SKU0025,2025-12-15,Kitchen,Storage Jars,60.0,58.682678412921604,41.0,1.3173215870783963,1.3173215870783963,19.0
SKU0025,2025-12-22,Kitchen,Storage Jars,58.0,57.108868859192626,31.0,0.8911311408073743,0.8911311408073743,27.0
SKU0025,2025-12-29,Kitchen,Storage Jars,11.0,14.331243702212284,57.0,-3.3312437022122836,3.3312437022122836,46.0
SKU0026,2025-11-10,Kitchen,Cookware,52.0,49.70455936522462,35.0,2.2954406347753817,2.2954406347753817,17.0
SKU0026,2025-11-17,Kitchen,Cookware,31.0,32.15187753095104,34.0,-1.1518775309510403,1.1518775309510403,3.0
SKU0026,2025-11-24,Kitchen,Cookware,43.0,40.982570811345454,38.0,2.017429188654546,2.017429188654546,5.0
SKU0026,2025-12-01,Kitchen,Cookware,38.0,36.806522716637986,20.0,1.1934772833620144,1.1934772833620144,18.0
SKU0026,2025-12-08,Kitchen,Cookware,25.0,26.37991478612821,21.0,-1.3799147861282108,1.3799147861282108,4.0
SKU0026,2025-12-15,Kitchen,Cookware,32.0,27.658280570314663,11.0,4.341719429685337,4.341719429685337,21.0
SKU0026,2025-12-22,Kitchen,Cookware,21.0,28.383828789133556,17.0,-7.383828789133556,7.383828789133556,4.0
SKU0026,2025-12-29,Kitchen,Cookware,9.0,4.685497496556426,22.0,4.314502503443574,4.314502503443574,13.0
SKU0027,2025-11-10,Bedding,Comforters,0.0,0.0,4.0,0.0,0.0,4.0
SKU0027,2025-11-17,Bedding,Comforters,6.0,8.112144623448543,3.0,-2.1121446234485433,2.1121446234485433,3.0
SKU0027,2025-11-24,Bedding,Comforters,2.0,0.8808024969306167,4.0,1.1191975030693833,1.1191975030693833,2.0
SKU0027,2025-12-01,Bedding,Comforters,10.0,7.546686661353174,2.0,2.4533133386468258,2.4533133386468258,8.0
SKU0027,2025-12-08,Bedding,Comforters,2.0,6.59751788301223,4.0,-4.59751788301223,4.59751788301223,2.0
SKU0027,2025-12-15,Bedding,Comforters,2.0,7.739562714005032,1.0,-5.739562714005032,5.739562714005032,1.0
SKU0027,2025-12-22,Bedding,Comforters,2.0,5.421516870843366,1.0,-3.421516870843366,3.421516870843366,1.0
SKU0027,2025-12-29,Bedding,Comforters,1.0,0.0,2.0,1.0,1.0,1.0
SKU0028,2025-11-10,Kitchen,Appliances,71.0,68.75417407991836,0.0,2.245825920081643,2.245825920081643,71.0
SKU0028,2025-11-17,Kitchen,Appliances,50.0,60.60190002472156,12.0,-10.601900024721559,10.601900024721559,38.0
SKU0028,2025-11-24,Kitchen,Appliances,61.0,62.76947634749631,57.0,-1.7694763474963082,1.7694763474963082,4.0
SKU0028,2025-12-01,Kitchen,Appliances,99.0,91.31612987319645,42.0,7.683870126803555,7.683870126803555,57.0
SKU0028,2025-12-08,Kitchen,Appliances,54.0,54.37018231245284,28.0,-0.3701823124528403,0.3701823124528403,26.0
SKU0028,2025-12-15,Kitchen,Appliances,45.0,48.10594809346419,35.0,-3.1059480934641925,3.1059480934641925,10.0
SKU0028,2025-12-22,Kitchen,Appliances,45.0,45.97328298076166,40.0,-0.9732829807616596,0.9732829807616596,5.0
SKU0028,2025-12-29,Kitchen,Appliances,13.0,15.439079805146752,51.0,-2.4390798051467524,2.4390798051467524,38.0
SKU0029,2025-11-10,Home Decor,Mirrors,104.0,102.51168287852677,112.0,1.48831712147323,1.48831712147323,8.0
SKU0029,2025-11-17,Home Decor,Mirrors,97.0,99.32905351400036,70.0,-2.329053514000364,2.329053514000364,27.0
SKU0029,2025-11-24,Home Decor,Mirrors,90.0,97.4845635283145,60.0,-7.484563528314496,7.484563528314496,30.0
SKU0029,2025-12-01,Home Decor,Mirrors,76.0,83.24169770049758,85.0,-7.241697700497582,7.241697700497582,9.0
SKU0029,2025-12-08,Home Decor,Mirrors,54.0,59.846001773929245,82.0,-5.846001773929245,5.846001773929245,28.0
SKU0029,2025-12-15,Home Decor,Mirrors,70.0,69.25088014506073,66.0,0.7491198549392664,0.7491198549392664,4.0
SKU0029,2025-12-22,Home Decor,Mirrors,52.0,47.90793017490576,57.0,4.092069825094242,4.092069825094242,5.0
SKU0029,2025-12-29,Home Decor,Mirrors,25.0,24.010300918620864,100.0,0.9896990813791362,0.9896990813791362,75.0
SKU0030,2025-11-10,Kitchen,Cookware,48.0,45.96615759998508,48.0,2.033842400014919,2.033842400014919,0.0
SKU0030,2025-11-17,Kitchen,Cookware,34.0,34.57363882445781,33.0,-0.5736388244578094,0.5736388244578094,1.0
SKU0030,2025-11-24,Kitchen,Cookware,40.0,46.300900427908324,25.0,-6.300900427908324,6.300900427908324,15.0
SKU0030,2025-12-01,Kitchen,Cookware,38.0,41.075591061540834,28.0,-3.075591061540834,3.075591061540834,10.0
SKU0030,2025-12-08,Kitchen,Cookware,19.0,25.29851111826149,22.0,-6.298511118261491,6.298511118261491,3.0
SKU0030,2025-12-15,Kitchen,Cookware,29.0,31.20507461474692,22.0,-2.20507461474692,2.20507461474692,7.0
SKU0030,2025-12-22,Kitchen,Cookware,7.0,8.026050604370756,9.0,-1.0260506043707558,1.0260506043707558,2.0
SKU0030,2025-12-29,Kitchen,Cookware,7.0,5.612254283424594,32.0,1.387745716575406,1.387745716575406,25.0
SKU0031,2025-11-10,Furniture,Chairs,26.0,30.76754685057246,22.0,-4.767546850572462,4.767546850572462,4.0
SKU0031,2025-11-17,Furniture,Chairs,27.0,28.119814819797575,27.0,-1.1198148197975755,1.1198148197975755,0.0
SKU0031,2025-11-24,Furniture,Chairs,24.0,26.430944080780705,24.0,-2.430944080780705,2.430944080780705,0.0
SKU0031,2025-12-01,Furniture,Chairs,23.0,20.461115949968246,29.0,2.538884050031754,2.538884050031754,6.0
SKU0031,2025-12-08,Furniture,Chairs,12.0,16.2982813160302,20.0,-4.298281316030199,4.298281316030199,8.0
SKU0031,2025-12-15,Furniture,Chairs,16.0,20.402489574574453,21.0,-4.402489574574453,4.402489574574453,5.0
SKU0031,2025-12-22,Furniture,Chairs,15.0,15.430975808255186,14.0,-0.43097580825518556,0.43097580825518556,1.0
SKU0031,2025-12-29,Furniture,Chairs,14.0,3.0662775774590116,34.0,10.933722422540988,10.933722422540988,20.0
SKU0032,2025-11-10,Furniture,Tables,55.0,59.49439343712966,0.0,-4.494393437129659,4.494393437129659,55.0
SKU0032,2025-11-17,Furniture,Tables,71.0,76.30479561210079,0.0,-5.30479561210079,5.30479561210079,71.0
SKU0032,2025-11-24,Furniture,Tables,72.0,78.22824237063253,24.0,-6.228242370632529,6.228242370632529,48.0
SKU0032,2025-12-01,Furniture,Tables,98.0,90.4768662376257,72.0,7.5231337623743,7.5231337623743,26.0
SKU0032,2025-12-08,Furniture,Tables,63.0,64.0006156934221,79.0,-1.0006156934221053,1.0006156934221053,16.0
SKU0032,2025-12-15,Furniture,Tables,47.0,49.90149069933735,59.0,-2.9014906993373515,2.9014906993373515,12.0
SKU0032,2025-12-22,Furniture,Tables,56.0,53.54956403513697,62.0,2.4504359648630327,2.4504359648630327,6.0
SKU0032,2025-12-29,Furniture,Tables,26.0,26.878839177092004,76.0,-0.8788391770920043,0.8788391770920043,50.0
SKU0033,2025-11-10,Furniture,Tables,29.0,38.12879781612108,36.0,-9.128797816121079,9.128797816121079,7.0
SKU0033,2025-11-17,Furniture,Tables,46.0,47.215476053654456,32.0,-1.2154760536544558,1.2154760536544558,14.0
SKU0033,2025-11-24,Furniture,Tables,21.0,22.220166347579493,26.0,-1.220166347579493,1.220166347579493,5.0
SKU0033,2025-12-01,Furniture,Tables,38.0,34.37234936125531,28.0,3.62765063874469,3.62765063874469,10.0
SKU0033,2025-12-08,Furniture,Tables,29.0,28.384179479485105,23.0,0.6158205205148946,0.6158205205148946,6.0
SKU0033,2025-12-15,Furniture,Tables,24.0,29.975223225967355,22.0,-5.975223225967355,5.975223225967355,2.0
SKU0033,2025-12-22,Furniture,Tables,17.0,19.516870325452153,18.0,-2.516870325452153,2.516870325452153,1.0
SKU0033,2025-12-29,Furniture,Tables,6.0,0.24439507791063875,35.0,5.755604922089361,5.755604922089361,29.0
SKU0034,2025-11-10,Kitchen,Storage Jars,11.0,11.539926386420273,31.0,-0.539926386420273,0.539926386420273,20.0
SKU0034,2025-11-17,Kitchen,Storage Jars,40.0,41.85493264599623,25.0,-1.8549326459962288,1.8549326459962288,15.0
SKU0034,2025-11-24,Kitchen,Storage Jars,32.0,32.646884401846584,29.0,-0.6468844018465845,0.6468844018465845,3.0
SKU0034,2025-12-01,Kitchen,Storage Jars,26.0,32.75618667965939,34.0,-6.756186679659393,6.756186679659393,8.0
SKU0034,2025-12-08,Kitchen,Storage Jars,20.0,21.273445584999582,12.0,-1.2734455849995818,1.2734455849995818,8.0
SKU0034,2025-12-15,Kitchen,Storage Jars,15.0,18.614033594632133,20.0,-3.614033594632133,3.614033594632133,5.0
SKU0034,2025-12-22,Kitchen,Storage Jars,5.0,9.898204119300733,11.0,-4.898204119300733,4.898204119300733,6.0
SKU0034,2025-12-29,Kitchen,Storage Jars,2.0,0.0,19.0,2.0,2.0,17.0
SKU0035,2025-11-10,Lighting,Decor Lights,159.0,155.54184118290453,0.0,3.458158817095466,3.458158817095466,159.0
SKU0035,2025-11-17,Lighting,Decor Lights,165.0,165.22697055150894,0.0,-0.2269705515089413,0.2269705515089413,165.0
SKU0035,2025-11-24,Lighting,Decor Lights,151.0,157.0441919075837,0.0,-6.044191907583695,6.044191907583695,151.0
SKU0035,2025-12-01,Lighting,Decor Lights,164.0,164.88038941848555,0.0,-0.8803894184855494,0.8803894184855494,164.0
SKU0035,2025-12-08,Lighting,Decor Lights,114.0,98.26600789358002,0.0,15.733992106419976,15.733992106419976,114.0
SKU0035,2025-12-15,Lighting,Decor Lights,111.0,100.98670711821114,0.0,10.013292881788857,10.013292881788857,111.0
SKU0035,2025-12-22,Lighting,Decor Lights,108.0,94.52283191516095,0.0,13.47716808483905,13.47716808483905,108.0
SKU0035,2025-12-29,Lighting,Decor Lights,44.0,46.1509664280289,0.0,-2.1509664280289016,2.1509664280289016,44.0
SKU0036,2025-11-10,Home Decor,Wall Art,29.0,26.889960575012985,0.0,2.110039424987015,2.110039424987015,29.0
SKU0036,2025-11-17,Home Decor,Wall Art,12.0,18.633869189502956,0.0,-6.633869189502956,6.633869189502956,12.0
SKU0036,2025-11-24,Home Decor,Wall Art,18.0,23.900740184302435,0.0,-5.900740184302435,5.900740184302435,18.0
SKU0036,2025-12-01,Home Decor,Wall Art,11.0,16.538741319704965,0.0,-5.538741319704965,5.538741319704965,11.0
SKU0036,2025-12-08,Home Decor,Wall Art,8.0,16.827749131378702,0.0,-8.827749131378702,8.827749131378702,8.0
SKU0036,2025-12-15,Home Decor,Wall Art,7.0,8.848373625305221,0.0,-1.8483736253052214,1.8483736253052214,7.0
SKU0036,2025-12-22,Home Decor,Wall Art,6.0,8.60110907461712,0.0,-2.6011090746171206,2.6011090746171206,6.0
SKU0036,2025-12-29,Home Decor,Wall Art,2.0,1.36301813879588,0.0,0.63698186120412,0.63698186120412,2.0
SKU0037,2025-11-10,Bedding,Bedsheets,27.0,24.558457424300627,37.0,2.4415425756993727,2.4415425756993727,10.0
SKU0037,2025-11-17,Bedding,Bedsheets,19.0,23.795115405402353,29.0,-4.795115405402353,4.795115405402353,10.0
SKU0037,2025-11-24,Bedding,Bedsheets,23.0,27.93949787905028,19.0,-4.939497879050279,4.939497879050279,4.0
SKU0037,2025-12-01,Bedding,Bedsheets,32.0,35.65039901240504,22.0,-3.650399012405039,3.650399012405039,10.0
SKU0037,2025-12-08,Bedding,Bedsheets,7.0,11.50992630453144,16.0,-4.50992630453144,4.50992630453144,9.0
SKU0037,2025-12-15,Bedding,Bedsheets,19.0,20.061973575334264,21.0,-1.0619735753342638,1.0619735753342638,2.0
SKU0037,2025-12-22,Bedding,Bedsheets,9.0,15.368823247598963,9.0,-6.368823247598963,6.368823247598963,0.0
SKU0037,2025-12-29,Bedding,Bedsheets,5.0,1.1749776354132955,26.0,3.8250223645867045,3.8250223645867045,21.0
SKU0038,2025-11-10,Home Decor,Vases,28.0,28.480604214009528,24.0,-0.4806042140095279,0.4806042140095279,4.0
SKU0038,2025-11-17,Home Decor,Vases,30.0,32.80600995062146,19.0,-2.8060099506214584,2.8060099506214584,11.0
SKU0038,2025-11-24,Home Decor,Vases,29.0,25.91312172813133,22.0,3.0868782718686703,3.0868782718686703,7.0
SKU0038,2025-12-01,Home Decor,Vases,18.0,17.59456836377649,21.0,0.4054316362235113,0.4054316362235113,3.0
SKU0038,2025-12-08,Home Decor,Vases,8.0,12.526005207951322,12.0,-4.5260052079513216,4.5260052079513216,4.0
SKU0038,2025-12-15,Home Decor,Vases,8.0,13.494854404843423,6.0,-5.494854404843423,5.494854404843423,2.0
SKU0038,2025-12-22,Home Decor,Vases,7.0,8.453796671546542,5.0,-1.4537966715465416,1.4537966715465416,2.0
SKU0038,2025-12-29,Home Decor,Vases,1.0,0.0,27.0,1.0,1.0,26.0
SKU0039,2025-11-10,Bedding,Comforters,8.0,5.4987388173285225,13.0,2.5012611826714775,2.5012611826714775,5.0
SKU0039,2025-11-17,Bedding,Comforters,15.0,15.509816674132622,11.0,-0.5098166741326224,0.5098166741326224,4.0
SKU0039,2025-11-24,Bedding,Comforters,14.0,16.067314588243896,14.0,-2.067314588243896,2.067314588243896,0.0
SKU0039,2025-12-01,Bedding,Comforters,13.0,12.492852745644445,15.0,0.5071472543555551,0.5071472543555551,2.0
SKU0039,2025-12-08,Bedding,Comforters,5.0,5.766530316299054,8.0,-0.766530316299054,0.766530316299054,3.0
SKU0039,2025-12-15,Bedding,Comforters,8.0,6.940761758898319,10.0,1.0592382411016814,1.0592382411016814,2.0
SKU0039,2025-12-22,Bedding,Comforters,5.0,11.12015763883985,7.0,-6.120157638839849,6.120157638839849,2.0
SKU0039,2025-12-29,Bedding,Comforters,4.0,0.0,26.0,4.0,4.0,22.0
SKU0040,2025-11-10,Home Decor,Candles,48.0,50.76344621663911,31.0,-2.7634462166391103,2.7634462166391103,17.0
SKU0040,2025-11-17,Home Decor,Candles,37.0,35.63441221496082,41.0,1.3655877850391818,1.3655877850391818,4.0
SKU0040,2025-11-24,Home Decor,Candles,44.0,44.16575295208229,37.0,-0.16575295208229335,0.16575295208229335,7.0
SKU0040,2025-12-01,Home Decor,Candles,49.0,49.920213594177085,22.0,-0.9202135941770848,0.9202135941770848,27.0
SKU0040,2025-12-08,Home Decor,Candles,24.0,23.84050164959073,25.0,0.15949835040926885,0.15949835040926885,1.0
SKU0040,2025-12-15,Home Decor,Candles,22.0,27.104977789311175,17.0,-5.1049777893111745,5.1049777893111745,5.0
SKU0040,2025-12-22,Home Decor,Candles,23.0,22.726354632195257,32.0,0.27364536780474324,0.27364536780474324,9.0
SKU0040,2025-12-29,Home Decor,Candles,12.0,10.879011813464881,27.0,1.1209881865351186,1.1209881865351186,15.0
