sku_id,sku_name,category,subcategory,week_start,horizon_week,forecast_units,forecast_lower_80,forecast_upper_80,baseline_forecast,avg_unit_price,unit_cost,list_price,on_hand_units,on_order_units,lead_time_days,reorder_point,damaged_units,reserved_units,lifecycle_stage
SKU0001,Chairs 0001,Furniture,Chairs,2026-01-05,1,7.979528857666672,2.7347920160970007,13.224265699236344,27.0,1676.04,879.45,1676.04,0.0,12.0,17.0,159.0,0.0,0.0,Growth
SKU0001,Chairs 0001,Furniture,Chairs,2026-01-12,2,8.874069302075814,3.6293324605061423,14.118806143645486,25.0,1676.04,879.45,1676.04,0.0,12.0,17.0,159.0,0.0,0.0,Growth
SKU0001,Chairs 0001,Furniture,Chairs,2026-01-19,3,12.297687819080387,7.052950977510716,17.54242466065006,23.0,1676.04,879.45,1676.04,0.0,12.0,17.0,159.0,0.0,0.0,Growth
SKU0001,Chairs 0001,Furniture,Chairs,2026-01-26,4,0.0,0.0,5.244736841569671,21.0,1676.04,879.45,1676.04,0.0,12.0,17.0,159.0,0.0,0.0,Growth
SKU0001,Chairs 0001,Furniture,Chairs,2026-02-02,5,14.079473770859366,8.834736929289694,19.324210612429038,22.0,1676.04,879.45,1676.04,0.0,12.0,17.0,159.0,0.0,0.0,Growth
SKU0001,Chairs 0001,Furniture,Chairs,2026-02-09,6,12.20674356889289,6.962006727323218,17.451480410462562,28.0,1676.04,879.45,1676.04,0.0,12.0,17.0,159.0,0.0,0.0,Growth
SKU0001,Chairs 0001,Furniture,Chairs,2026-02-16,7,19.947118346319407,14.702381504749734,25.19185518788908,26.0,1676.04,879.45,1676.04,0.0,12.0,17.0,159.0,0.0,0.0,Growth
SKU0001,Chairs 0001,Furniture,Chairs,2026-02-23,8,0.0,0.0,5.244736841569671,24.0,1676.04,879.45,1676.04,0.0,12.0,17.0,159.0,0.0,0.0,Growth
SKU0002,Storage 0002,Furniture,Storage,2026-01-05,1,0.0,0.0,5.244736841569671,3.0,2619.1766666666667,1214.09,2797.27,4.0,10.0,10.0,25.0,0.0,0.0,Slow Moving
SKU0002,Storage 0002,Furniture,Storage,2026-01-12,2,4.177613478358527,0.0,9.4223503199282,2.0,2619.1766666666667,1214.09,2797.27,4.0,10.0,10.0,25.0,0.0,0.0,Slow Moving
SKU0002,Storage 0002,Furniture,Storage,2026-01-19,3,18.323484085863036,13.078747244293364,23.56822092743271,0.0,2619.1766666666667,1214.09,2797.27,4.0,10.0,10.0,25.0,0.0,0.0,Slow Moving
SKU0002,Storage 0002,Furniture,Storage,2026-01-26,4,16.59580855760764,11.351071716037968,21.840545399177312,3.0,2619.1766666666667,1214.09,2797.27,4.0,10.0,10.0,25.0,0.0,0.0,Slow Moving
SKU0002,Storage 0002,Furniture,Storage,2026-02-02,5,14.346588877642283,9.10185203607261,19.591325719211955,4.0,2619.1766666666667,1214.09,2797.27,4.0,10.0,10.0,25.0,0.0,0.0,Slow Moving
SKU0002,Storage 0002,Furniture,Storage,2026-02-09,6,0.9243551849735674,0.0,6.169092026543239,5.0,2619.1766666666667,1214.09,2797.27,4.0,10.0,10.0,25.0,0.0,0.0,Slow Moving
SKU0002,Storage 0002,Furniture,Storage,2026-02-16,7,12.796411910879186,7.551675069309515,18.04114875244886,5.0,2619.1766666666667,1214.09,2797.27,4.0,10.0,10.0,25.0,0.0,0.0,Slow Moving
SKU0002,Storage 0002,Furniture,Storage,2026-02-23,8,7.585883567197154,2.3411467256274827,12.830620408766826,5.0,2619.1766666666667,1214.09,2797.27,4.0,10.0,10.0,25.0,0.0,0.0,Slow Moving
SKU0003,Cookware 0003,Kitchen,Cookware,2026-01-05,1,6.2407735603669146,0.9960367187972432,11.485510401936587,56.0,2761.79,1170.55,2761.79,0.0,27.0,23.0,273.0,0.0,0.0,Slow Moving
SKU0003,Cookware 0003,Kitchen,Cookware,2026-01-12,2,14.921343716508956,9.676606874939285,20.166080558078626,37.0,2761.79,1170.55,2761.79,0.0,27.0,23.0,273.0,0.0,0.0,Slow Moving
SKU0003,Cookware 0003,Kitchen,Cookware,2026-01-19,3,18.635227863090364,13.390491021520692,23.879964704660036,27.0,2761.79,1170.55,2761.79,0.0,27.0,23.0,273.0,0.0,0.0,Slow Moving
SKU0003,Cookware 0003,Kitchen,Cookware,2026-01-26,4,0.0,0.0,5.244736841569671,34.0,2761.79,1170.55,2761.79,0.0,27.0,23.0,273.0,0.0,0.0,Slow Moving
SKU0003,Cookware 0003,Kitchen,Cookware,2026-02-02,5,17.33939237558895,12.094655534019278,22.584129217158623,51.0,2761.79,1170.55,2761.79,0.0,27.0,23.0,273.0,0.0,0.0,Slow Moving
SKU0003,Cookware 0003,Kitchen,Cookware,2026-02-09,6,13.355493241893612,8.11075640032394,18.600230083463284,28.0,2761.79,1170.55,2761.79,0.0,27.0,23.0,273.0,0.0,0.0,Slow Moving
SKU0003,Cookware 0003,Kitchen,Cookware,2026-02-16,7,0.0,0.0,5.244736841569671,29.0,2761.79,1170.55,2761.79,0.0,27.0,23.0,273.0,0.0,0.0,Slow Moving
SKU0003,Cookware 0003,Kitchen,Cookware,2026-02-23,8,8.94920674800074,3.7044699064310693,14.193943589570413,51.0,2761.79,1170.55,2761.79,0.0,27.0,23.0,273.0,0.0,0.0,Slow Moving
SKU0004,Wall Art 0004,Home Decor,Wall Art,2026-01-05,1,18.463762730401633,13.219025888831961,23.708499571971306,7.0,821.51,549.37,821.51,1.0,7.0,20.0,36.0,0.0,0.0,Growth
SKU0004,Wall Art 0004,Home Decor,Wall Art,2026-01-12,2,15.863165132933277,10.618428291363607,21.107901974502948,4.0,821.51,549.37,821.51,1.0,7.0,20.0,36.0,0.0,0.0,Growth
SKU0004,Wall Art 0004,Home Decor,Wall Art,2026-01-19,3,0.0,0.0,5.244736841569671,3.0,821.51,549.37,821.51,1.0,7.0,20.0,36.0,0.0,0.0,Growth
SKU0004,Wall Art 0004,Home Decor,Wall Art,2026-01-26,4,13.543299129797727,8.298562288228055,18.7880359713674,6.0,821.51,549.37,821.51,1.0,7.0,20.0,36.0,0.0,0.0,Growth
SKU0004,Wall Art 0004,Home Decor,Wall Art,2026-02-02,5,24.953817625104914,19.709080783535242,30.198554466674587,1.0,821.51,549.37,821.51,1.0,7.0,20.0,36.0,0.0,0.0,Growth
SKU0004,Wall Art 0004,Home Decor,Wall Art,2026-02-09,6,7.6088661049069515,2.36412926333728,12.853602946476624,3.0,821.51,549.37,821.51,1.0,7.0,20.0,36.0,0.0,0.0,Growth
SKU0004,Wall Art 0004,Home Decor,Wall Art,2026-02-16,7,10.433268420712647,5.188531579142976,15.67800526228232,0.0,821.51,549.37,821.51,1.0,7.0,20.0,36.0,0.0,0.0,Growth
SKU0004,Wall Art 0004,Home Decor,Wall Art,2026-02-23,8,25.385950504630244,20.141213663060572,30.630687346199917,4.0,821.51,549.37,821.51,1.0,7.0,20.0,36.0,0.0,0.0,Growth
SKU0005,Vases 0005,Home Decor,Vases,2026-01-05,1,0.5034363572756035,0.0,5.748173198845275,60.0,3916.710000000001,1465.65,3916.71,0.0,187.0,21.0,225.0,0.0,0.0,New
SKU0005,Vases 0005,Home Decor,Vases,2026-01-12,2,0.09883110372919646,0.0,5.343567945298868,48.0,3916.710000000001,1465.65,3916.71,0.0,187.0,21.0,225.0,0.0,0.0,New
SKU0005,Vases 0005,Home Decor,Vases,2026-01-19,3,42.271339897308124,37.026603055738455,47.51607673887779,55.0,3916.710000000001,1465.65,3916.71,0.0,187.0,21.0,225.0,0.0,0.0,New
SKU0005,Vases 0005,Home Decor,Vases,2026-01-26,4,3.1991426627324877,0.0,8.44387950430216,52.0,3916.710000000001,1465.65,3916.71,0.0,187.0,21.0,225.0,0.0,0.0,New
SKU0005,Vases 0005,Home Decor,Vases,2026-02-02,5,2.5918691065205124,0.0,7.836605948090184,41.0,3916.710000000001,1465.65,3916.71,0.0,187.0,21.0,225.0,0.0,0.0,New
SKU0005,Vases 0005,Home Decor,Vases,2026-02-09,6,0.0,0.0,5.244736841569671,46.0,3916.710000000001,1465.65,3916.71,0.0,187.0,21.0,225.0,0.0,0.0,New
SKU0005,Vases 0005,Home Decor,Vases,2026-02-16,7,2.369107949803677,0.0,7.6138447913733485,36.0,3916.710000000001,1465.65,3916.71,0.0,187.0,21.0,225.0,0.0,0.0,New
SKU0005,Vases 0005,Home Decor,Vases,2026-02-23,8,11.843717043477,6.598980201907328,17.088453885046672,46.0,3916.710000000001,1465.65,3916.71,0.0,187.0,21.0,225.0,0.0,0.0,New
SKU0006,Comforters 0006,Bedding,Comforters,2026-01-05,1,8.63811407851557,3.3933772369458994,13.882850920085243,15.0,3204.19,2070.52,3518.51,0.0,120.0,12.0,64.0,0.0,0.0,Mature
SKU0006,Comforters 0006,Bedding,Comforters,2026-01-12,2,8.951406122751784,3.706669281182113,14.196142964321457,22.0,3204.19,2070.52,3518.51,0.0,120.0,12.0,64.0,0.0,0.0,Mature
SKU0006,Comforters 0006,Bedding,Comforters,2026-01-19,3,13.676237726364796,8.431500884795124,18.92097456793447,14.0,3204.19,2070.52,3518.51,0.0,120.0,12.0,64.0,0.0,0.0,Mature
SKU0006,Comforters 0006,Bedding,Comforters,2026-01-26,4,0.0,0.0,5.244736841569671,9.0,3204.19,2070.52,3518.51,0.0,120.0,12.0,64.0,0.0,0.0,Mature
SKU0006,Comforters 0006,Bedding,Comforters,2026-02-02,5,16.42256800231554,11.177831160745868,21.667304843885212,16.0,3204.19,2070.52,3518.51,0.0,120.0,12.0,64.0,0.0,0.0,Mature
SKU0006,Comforters 0006,Bedding,Comforters,2026-02-09,6,12.745022636426263,7.500285794856592,17.989759477995936,13.0,3204.19,2070.52,3518.51,0.0,120.0,12.0,64.0,0.0,0.0,Mature
SKU0006,Comforters 0006,Bedding,Comforters,2026-02-16,7,21.61728094711215,16.372544105542477,26.862017788681822,12.0,3204.19,2070.52,3518.51,0.0,120.0,12.0,64.0,0.0,0.0,Mature
SKU0006,Comforters 0006,Bedding,Comforters,2026-02-23,8,0.0,0.0,5.244736841569671,13.0,3204.19,2070.52,3518.51,0.0,120.0,12.0,64.0,0.0,0.0,Mature
SKU0007,Decor Lights 0007,Lighting,Decor Lights,2026-01-05,1,0.49409372607022917,0.0,5.7388305676399005,61.0,2438.4,944.3,2438.4,0.0,287.0,14.0,143.0,0.0,0.0,Growth
SKU0007,Decor Lights 0007,Lighting,Decor Lights,2026-01-12,2,4.759700075365149,0.0,10.004436916934822,33.0,2438.4,944.3,2438.4,0.0,287.0,14.0,143.0,0.0,0.0,Growth
SKU0007,Decor Lights 0007,Lighting,Decor Lights,2026-01-19,3,18.37724678042065,13.132509938850976,23.62198362199032,28.0,2438.4,944.3,2438.4,0.0,287.0,14.0,143.0,0.0,0.0,Growth
SKU0007,Decor Lights 0007,Lighting,Decor Lights,2026-01-26,4,17.625552245479568,12.380815403909896,22.87028908704924,40.0,2438.4,944.3,2438.4,0.0,287.0,14.0,143.0,0.0,0.0,Growth
SKU0007,Decor Lights 0007,Lighting,Decor Lights,2026-02-02,5,15.383837660673668,10.139100819103998,20.62857450224334,26.0,2438.4,944.3,2438.4,0.0,287.0,14.0,143.0,0.0,0.0,Growth
SKU0007,Decor Lights 0007,Lighting,Decor Lights,2026-02-09,6,1.912108874860131,0.0,7.156845716429802,35.0,2438.4,944.3,2438.4,0.0,287.0,14.0,143.0,0.0,0.0,Growth
SKU0007,Decor Lights 0007,Lighting,Decor Lights,2026-02-16,7,14.38822313399304,9.143486292423368,19.632959975562713,40.0,2438.4,944.3,2438.4,0.0,287.0,14.0,143.0,0.0,0.0,Growth
SKU0007,Decor Lights 0007,Lighting,Decor Lights,2026-02-23,8,8.553476173616755,3.3087393320470833,13.798213015186427,34.0,2438.4,944.3,2438.4,0.0,287.0,14.0,143.0,0.0,0.0,Growth
SKU0008,Blankets 0008,Bedding,Blankets,2026-01-05,1,7.178030799138664,1.933293957568993,12.422767640708337,5.0,1295.04,844.21,1295.04,1.0,9.0,27.0,73.0,0.0,0.0,New
SKU0008,Blankets 0008,Bedding,Blankets,2026-01-12,2,16.539041156276888,11.294304314707215,21.78377799784656,9.0,1295.04,844.21,1295.04,1.0,9.0,27.0,73.0,0.0,0.0,New
SKU0008,Blankets 0008,Bedding,Blankets,2026-01-19,3,24.083555151147152,18.83881830957748,29.328291992716824,3.0,1295.04,844.21,1295.04,1.0,9.0,27.0,73.0,0.0,0.0,New
SKU0008,Blankets 0008,Bedding,Blankets,2026-01-26,4,0.0,0.0,5.244736841569671,9.0,1295.04,844.21,1295.04,1.0,9.0,27.0,73.0,0.0,0.0,New
SKU0008,Blankets 0008,Bedding,Blankets,2026-02-02,5,17.43820003842535,12.193463196855678,22.682936879995022,4.0,1295.04,844.21,1295.04,1.0,9.0,27.0,73.0,0.0,0.0,New
SKU0008,Blankets 0008,Bedding,Blankets,2026-02-09,6,13.889545611527737,8.644808769958065,19.13428245309741,6.0,1295.04,844.21,1295.04,1.0,9.0,27.0,73.0,0.0,0.0,New
SKU0008,Blankets 0008,Bedding,Blankets,2026-02-16,7,1.1741659562540043,0.0,6.418902797823676,9.0,1295.04,844.21,1295.04,1.0,9.0,27.0,73.0,0.0,0.0,New
SKU0008,Blankets 0008,Bedding,Blankets,2026-02-23,8,9.831918090172834,4.587181248603163,15.076654931742507,5.0,1295.04,844.21,1295.04,1.0,9.0,27.0,73.0,0.0,0.0,New
SKU0009,Bedsheets 0009,Bedding,Bedsheets,2026-01-05,1,20.378262933359,15.133526091789328,25.622999774928672,36.0,4171.89,1773.42,4171.89,0.0,17.0,28.0,214.0,0.0,0.0,Mature
SKU0009,Bedsheets 0009,Bedding,Bedsheets,2026-01-12,2,16.927941383365546,11.683204541795874,22.17267822493522,15.0,4171.89,1773.42,4171.89,0.0,17.0,28.0,214.0,0.0,0.0,Mature
SKU0009,Bedsheets 0009,Bedding,Bedsheets,2026-01-19,3,0.0,0.0,5.244736841569671,26.0,4171.89,1773.42,4171.89,0.0,17.0,28.0,214.0,0.0,0.0,Mature
SKU0009,Bedsheets 0009,Bedding,Bedsheets,2026-01-26,4,15.547946204328133,10.303209362758462,20.792683045897803,19.0,4171.89,1773.42,4171.89,0.0,17.0,28.0,214.0,0.0,0.0,Mature
SKU0009,Bedsheets 0009,Bedding,Bedsheets,2026-02-02,5,27.697901769714726,22.453164928145053,32.942638611284394,23.0,4171.89,1773.42,4171.89,0.0,17.0,28.0,214.0,0.0,0.0,Mature
SKU0009,Bedsheets 0009,Bedding,Bedsheets,2026-02-09,6,8.508982012787172,3.2642451712175005,13.753718854356844,14.0,4171.89,1773.42,4171.89,0.0,17.0,28.0,214.0,0.0,0.0,Mature
SKU0009,Bedsheets 0009,Bedding,Bedsheets,2026-02-16,7,11.117315316170696,5.872578474601025,16.36205215774037,18.0,4171.89,1773.42,4171.89,0.0,17.0,28.0,214.0,0.0,0.0,Mature
SKU0009,Bedsheets 0009,Bedding,Bedsheets,2026-02-23,8,27.22039928971675,21.975662448147077,32.46513613128642,22.0,4171.89,1773.42,4171.89,0.0,17.0,28.0,214.0,0.0,0.0,Mature
SKU0010,Table Lamps 0010,Lighting,Table Lamps,2026-01-05,1,1.9063393545809006,0.0,7.151076196150572,27.0,1039.94,447.68,1039.94,9.0,81.0,18.0,103.0,0.0,1.0,Slow Moving
SKU0010,Table Lamps 0010,Lighting,Table Lamps,2026-01-12,2,1.2373749882419673,0.0,6.482111829811639,15.0,1039.94,447.68,1039.94,9.0,81.0,18.0,103.0,0.0,1.0,Slow Moving
SKU0010,Table Lamps 0010,Lighting,Table Lamps,2026-01-19,3,46.50872238487558,41.263985543305914,51.75345922644525,24.0,1039.94,447.68,1039.94,9.0,81.0,18.0,103.0,0.0,1.0,Slow Moving
SKU0010,Table Lamps 0010,Lighting,Table Lamps,2026-01-26,4,3.292146440571841,0.0,8.536883282141513,15.0,1039.94,447.68,1039.94,9.0,81.0,18.0,103.0,0.0,1.0,Slow Moving
SKU0010,Table Lamps 0010,Lighting,Table Lamps,2026-02-02,5,2.9228272817672156,0.0,8.167564123336888,27.0,1039.94,447.68,1039.94,9.0,81.0,18.0,103.0,0.0,1.0,Slow Moving
SKU0010,Table Lamps 0010,Lighting,Table Lamps,2026-02-09,6,0.0,0.0,5.244736841569671,29.0,1039.94,447.68,1039.94,9.0,81.0,18.0,103.0,0.0,1.0,Slow Moving
SKU0010,Table Lamps 0010,Lighting,Table Lamps,2026-02-16,7,2.8329401035789488,0.0,8.077676945148621,14.0,1039.94,447.68,1039.94,9.0,81.0,18.0,103.0,0.0,1.0,Slow Moving
SKU0010,Table Lamps 0010,Lighting,Table Lamps,2026-02-23,8,12.083594897878427,6.838858056308756,17.3283317394481,16.0,1039.94,447.68,1039.94,9.0,81.0,18.0,103.0,0.0,1.0,Slow Moving
SKU0011,Tables 0011,Furniture,Tables,2026-01-05,1,8.09230022044472,2.8475633788750487,13.337037062014392,32.0,489.32,157.8,489.32,0.0,18.0,27.0,240.0,0.0,0.0,Slow Moving
SKU0011,Tables 0011,Furniture,Tables,2026-01-12,2,8.546157085208574,3.301420243638902,13.790893926778246,19.0,489.32,157.8,489.32,0.0,18.0,27.0,240.0,0.0,0.0,Slow Moving
SKU0011,Tables 0011,Furniture,Tables,2026-01-19,3,12.90108575045966,7.656348908889989,18.145822592029333,32.0,489.32,157.8,489.32,0.0,18.0,27.0,240.0,0.0,0.0,Slow Moving
SKU0011,Tables 0011,Furniture,Tables,2026-01-26,4,0.0,0.0,5.244736841569671,35.0,489.32,157.8,489.32,0.0,18.0,27.0,240.0,0.0,0.0,Slow Moving
SKU0011,Tables 0011,Furniture,Tables,2026-02-02,5,15.879322354677246,10.634585513107574,21.124059196246918,21.0,489.32,157.8,489.32,0.0,18.0,27.0,240.0,0.0,0.0,Slow Moving
SKU0011,Tables 0011,Furniture,Tables,2026-02-09,6,12.46647164556169,7.221734803992018,17.711208487131362,44.0,489.32,157.8,489.32,0.0,18.0,27.0,240.0,0.0,0.0,Slow Moving
SKU0011,Tables 0011,Furniture,Tables,2026-02-16,7,20.502166966948096,15.257430125378423,25.746903808517768,24.0,489.32,157.8,489.32,0.0,18.0,27.0,240.0,0.0,0.0,Slow Moving
SKU0011,Tables 0011,Furniture,Tables,2026-02-23,8,0.0,0.0,5.244736841569671,26.0,489.32,157.8,489.32,0.0,18.0,27.0,240.0,0.0,0.0,Slow Moving
SKU0012,Ceiling Lights 0012,Lighting,Ceiling Lights,2026-01-05,1,0.0,0.0,5.244736841569671,28.0,2643.65,1537.69,2643.65,0.0,19.0,14.0,133.0,0.0,0.0,Growth
SKU0012,Ceiling Lights 0012,Lighting,Ceiling Lights,2026-01-12,2,4.300368129481718,0.0,9.54510497105139,24.0,2643.65,1537.69,2643.65,0.0,19.0,14.0,133.0,0.0,0.0,Growth
SKU0012,Ceiling Lights 0012,Lighting,Ceiling Lights,2026-01-19,3,18.09163934109563,12.846902499525957,23.3363761826653,32.0,2643.65,1537.69,2643.65,0.0,19.0,14.0,133.0,0.0,0.0,Growth
SKU0012,Ceiling Lights 0012,Lighting,Ceiling Lights,2026-01-26,4,16.214236461495798,10.969499619926125,21.45897330306547,39.0,2643.65,1537.69,2643.65,0.0,19.0,14.0,133.0,0.0,0.0,Growth
SKU0012,Ceiling Lights 0012,Lighting,Ceiling Lights,2026-02-02,5,14.61619138390474,9.37145454233507,19.86092822547441,37.0,2643.65,1537.69,2643.65,0.0,19.0,14.0,133.0,0.0,0.0,Growth
SKU0012,Ceiling Lights 0012,Lighting,Ceiling Lights,2026-02-09,6,1.332015473194307,0.0,6.576752314763978,34.0,2643.65,1537.69,2643.65,0.0,19.0,14.0,133.0,0.0,0.0,Growth
SKU0012,Ceiling Lights 0012,Lighting,Ceiling Lights,2026-02-16,7,12.848758501271874,7.604021659702203,18.093495342841546,35.0,2643.65,1537.69,2643.65,0.0,19.0,14.0,133.0,0.0,0.0,Growth
SKU0012,Ceiling Lights 0012,Lighting,Ceiling Lights,2026-02-23,8,7.7555325737864855,2.510795732216814,13.000269415356158,14.0,2643.65,1537.69,2643.65,0.0,19.0,14.0,133.0,0.0,0.0,Growth
SKU0013,Storage 0013,Furniture,Storage,2026-01-05,1,6.210859646658264,0.9661228050885926,11.455596488227936,51.0,3009.28,2026.64,3009.28,4.0,164.0,14.0,185.0,0.0,0.0,Growth
SKU0013,Storage 0013,Furniture,Storage,2026-01-12,2,15.650374551594954,10.405637710025282,20.895111393164626,33.0,3009.28,2026.64,3009.28,4.0,164.0,14.0,185.0,0.0,0.0,Growth
SKU0013,Storage 0013,Furniture,Storage,2026-01-19,3,21.58859337031435,16.343856528744677,26.83333021188402,25.0,3009.28,2026.64,3009.28,4.0,164.0,14.0,185.0,0.0,0.0,Growth
SKU0013,Storage 0013,Furniture,Storage,2026-01-26,4,0.0,0.0,5.244736841569671,46.0,3009.28,2026.64,3009.28,4.0,164.0,14.0,185.0,0.0,0.0,Growth
SKU0013,Storage 0013,Furniture,Storage,2026-02-02,5,17.24885719939938,12.00412035782971,22.493594040969054,43.0,3009.28,2026.64,3009.28,4.0,164.0,14.0,185.0,0.0,0.0,Growth
SKU0013,Storage 0013,Furniture,Storage,2026-02-09,6,13.121691218760631,7.87695437719096,18.366428060330303,42.0,3009.28,2026.64,3009.28,4.0,164.0,14.0,185.0,0.0,0.0,Growth
SKU0013,Storage 0013,Furniture,Storage,2026-02-16,7,0.0,0.0,5.244736841569671,23.0,3009.28,2026.64,3009.28,4.0,164.0,14.0,185.0,0.0,0.0,Growth
SKU0013,Storage 0013,Furniture,Storage,2026-02-23,8,9.289939528660113,4.045202687090442,14.534676370229786,37.0,3009.28,2026.64,3009.28,4.0,164.0,14.0,185.0,0.0,0.0,Growth
SKU0014,Floor Lamps 0014,Lighting,Floor Lamps,2026-01-05,1,20.30607377958831,15.061336938018638,25.550810621157982,12.0,2571.87,1382.07,2571.87,0.0,98.0,24.0,116.0,0.0,0.0,Mature
SKU0014,Floor Lamps 0014,Lighting,Floor Lamps,2026-01-12,2,16.857063150063986,11.612326308494314,22.10179999163366,11.0,2571.87,1382.07,2571.87,0.0,98.0,24.0,116.0,0.0,0.0,Mature
SKU0014,Floor Lamps 0014,Lighting,Floor Lamps,2026-01-19,3,0.0,0.0,5.244736841569671,15.0,2571.87,1382.07,2571.87,0.0,98.0,24.0,116.0,0.0,0.0,Mature
SKU0014,Floor Lamps 0014,Lighting,Floor Lamps,2026-01-26,4,15.121137280713892,9.87640043914422,20.365874122283564,10.0,2571.87,1382.07,2571.87,0.0,98.0,24.0,116.0,0.0,0.0,Mature
SKU0014,Floor Lamps 0014,Lighting,Floor Lamps,2026-02-02,5,26.256282297885264,21.01154545631559,31.501019139454936,12.0,2571.87,1382.07,2571.87,0.0,98.0,24.0,116.0,0.0,0.0,Mature
SKU0014,Floor Lamps 0014,Lighting,Floor Lamps,2026-02-09,6,7.628413138106495,2.383676296536824,12.873149979676167,10.0,2571.87,1382.07,2571.87,0.0,98.0,24.0,116.0,0.0,0.0,Mature
SKU0014,Floor Lamps 0014,Lighting,Floor Lamps,2026-02-16,7,10.52964257278381,5.284905731214139,15.774379414353483,5.0,2571.87,1382.07,2571.87,0.0,98.0,24.0,116.0,0.0,0.0,Mature
SKU0014,Floor Lamps 0014,Lighting,Floor Lamps,2026-02-23,8,27.213558012040277,21.968821170470605,32.45829485360995,12.0,2571.87,1382.07,2571.87,0.0,98.0,24.0,116.0,0.0,0.0,Mature
SKU0015,Shelves 0015,Furniture,Shelves,2026-01-05,1,1.8013159049045306,0.0,7.046052746474202,0.0,4464.87,2362.19,4464.87,60.0,18.0,11.0,90.0,0.0,2.0,Mature
SKU0015,Shelves 0015,Furniture,Shelves,2026-01-12,2,0.2352575370517016,0.0,5.479994378621373,0.0,4464.87,2362.19,4464.87,60.0,18.0,11.0,90.0,0.0,2.0,Mature
SKU0015,Shelves 0015,Furniture,Shelves,2026-01-19,3,44.209011479183715,38.96427463761405,49.453748320753384,0.0,4464.87,2362.19,4464.87,60.0,18.0,11.0,90.0,0.0,2.0,Mature
SKU0015,Shelves 0015,Furniture,Shelves,2026-01-26,4,2.681267622186123,0.0,7.9260044637557945,8.0,4464.87,2362.19,4464.87,60.0,18.0,11.0,90.0,0.0,2.0,Mature
SKU0015,Shelves 0015,Furniture,Shelves,2026-02-02,5,2.6186035446097797,0.0,7.863340386179451,19.0,4464.87,2362.19,4464.87,60.0,18.0,11.0,90.0,0.0,2.0,Mature
SKU0015,Shelves 0015,Furniture,Shelves,2026-02-09,6,0.0,0.0,5.244736841569671,28.0,4464.87,2362.19,4464.87,60.0,18.0,11.0,90.0,0.0,2.0,Mature
SKU0015,Shelves 0015,Furniture,Shelves,2026-02-16,7,2.142324424249953,0.0,7.387061265819624,30.0,4464.87,2362.19,4464.87,60.0,18.0,11.0,90.0,0.0,2.0,Mature
SKU0015,Shelves 0015,Furniture,Shelves,2026-02-23,8,12.487821653365433,7.243084811795762,17.732558494935105,26.0,4464.87,2362.19,4464.87,60.0,18.0,11.0,90.0,0.0,2.0,Mature
SKU0016,Pillows 0016,Bedding,Pillows,2026-01-05,1,8.68740663610765,3.442669794537978,13.932143477677322,18.0,929.84,334.48,929.84,1.0,127.0,8.0,49.0,0.0,0.0,New
SKU0016,Pillows 0016,Bedding,Pillows,2026-01-12,2,8.937406377468434,3.692669535898763,14.182143219038107,20.0,929.84,334.48,929.84,1.0,127.0,8.0,49.0,0.0,0.0,New
SKU0016,Pillows 0016,Bedding,Pillows,2026-01-19,3,13.509907643716819,8.265170802147146,18.75464448528649,15.0,929.84,334.48,929.84,1.0,127.0,8.0,49.0,0.0,0.0,New
SKU0016,Pillows 0016,Bedding,Pillows,2026-01-26,4,0.0,0.0,5.244736841569671,15.0,929.84,334.48,929.84,1.0,127.0,8.0,49.0,0.0,0.0,New
SKU0016,Pillows 0016,Bedding,Pillows,2026-02-02,5,16.454969266860303,11.21023242529063,21.699706108429975,16.0,929.84,334.48,929.84,1.0,127.0,8.0,49.0,0.0,0.0,New
SKU0016,Pillows 0016,Bedding,Pillows,2026-02-09,6,12.974585305686979,7.729848464117308,18.21932214725665,18.0,929.84,334.48,929.84,1.0,127.0,8.0,49.0,0.0,0.0,New
SKU0016,Pillows 0016,Bedding,Pillows,2026-02-16,7,20.54176998683235,15.297033145262677,25.786506828402022,9.0,929.84,334.48,929.84,1.0,127.0,8.0,49.0,0.0,0.0,New
SKU0016,Pillows 0016,Bedding,Pillows,2026-02-23,8,0.0,0.0,5.244736841569671,18.0,929.84,334.48,929.84,1.0,127.0,8.0,49.0,0.0,0.0,New
SKU0017,Shelves 0017,Furniture,Shelves,2026-01-05,1,0.1990062578863352,0.0,5.4437430994560065,0.0,866.29,526.85,866.29,0.0,112.0,13.0,66.0,0.0,0.0,Mature
SKU0017,Shelves 0017,Furniture,Shelves,2026-01-12,2,5.038930647501289,0.0,10.283667489070961,0.0,866.29,526.85,866.29,0.0,112.0,13.0,66.0,0.0,0.0,Mature
SKU0017,Shelves 0017,Furniture,Shelves,2026-01-19,3,18.333438341881422,13.08870150031175,23.578175183451094,8.0,866.29,526.85,866.29,0.0,112.0,13.0,66.0,0.0,0.0,Mature
SKU0017,Shelves 0017,Furniture,Shelves,2026-01-26,4,17.051628480030367,11.806891638460694,22.29636532160004,19.0,866.29,526.85,866.29,0.0,112.0,13.0,66.0,0.0,0.0,Mature
SKU0017,Shelves 0017,Furniture,Shelves,2026-02-02,5,15.106935461462216,9.862198619892546,20.351672303031886,20.0,866.29,526.85,866.29,0.0,112.0,13.0,66.0,0.0,0.0,Mature
SKU0017,Shelves 0017,Furniture,Shelves,2026-02-09,6,1.4392979281536924,0.0,6.684034769723364,15.0,866.29,526.85,866.29,0.0,112.0,13.0,66.0,0.0,0.0,Mature
SKU0017,Shelves 0017,Furniture,Shelves,2026-02-16,7,12.773610167086424,7.528873325516753,18.018347008656097,13.0,866.29,526.85,866.29,0.0,112.0,13.0,66.0,0.0,0.0,Mature
SKU0017,Shelves 0017,Furniture,Shelves,2026-02-23,8,8.227204146924375,2.982467305354704,13.471940988494048,15.0,866.29,526.85,866.29,0.0,112.0,13.0,66.0,0.0,0.0,Mature
SKU0018,Shelves 0018,Furniture,Shelves,2026-01-05,1,5.841044701415342,0.5963078598456706,11.085781542985014,36.0,3760.775,2122.67,3905.27,4.0,23.0,27.0,266.0,0.0,0.0,Mature
SKU0018,Shelves 0018,Furniture,Shelves,2026-01-12,2,15.840839756212578,10.596102914642906,21.08557659778225,31.0,3760.775,2122.67,3905.27,4.0,23.0,27.0,266.0,0.0,0.0,Mature
SKU0018,Shelves 0018,Furniture,Shelves,2026-01-19,3,19.795782805090745,14.551045963521073,25.040519646660417,15.0,3760.775,2122.67,3905.27,4.0,23.0,27.0,266.0,0.0,0.0,Mature
SKU0018,Shelves 0018,Furniture,Shelves,2026-01-26,4,0.0,0.0,5.244736841569671,25.0,3760.775,2122.67,3905.27,4.0,23.0,27.0,266.0,0.0,0.0,Mature
SKU0018,Shelves 0018,Furniture,Shelves,2026-02-02,5,17.195226236883325,11.950489395313653,22.439963078452998,32.0,3760.775,2122.67,3905.27,4.0,23.0,27.0,266.0,0.0,0.0,Mature
SKU0018,Shelves 0018,Furniture,Shelves,2026-02-09,6,12.981930458264873,7.737193616695202,18.226667299834546,27.0,3760.775,2122.67,3905.27,4.0,23.0,27.0,266.0,0.0,0.0,Mature
SKU0018,Shelves 0018,Furniture,Shelves,2026-02-16,7,0.5066625422550075,0.0,5.751399383824679,17.0,3760.775,2122.67,3905.27,4.0,23.0,27.0,266.0,0.0,0.0,Mature
SKU0018,Shelves 0018,Furniture,Shelves,2026-02-23,8,10.175991125903465,4.931254284333794,15.420727967473137,38.0,3760.775,2122.67,3905.27,4.0,23.0,27.0,266.0,0.0,0.0,Mature
SKU0019,Appliances 0019,Kitchen,Appliances,2026-01-05,1,20.536103249278447,15.291366407708775,25.78084009084812,76.0,2209.81,1419.45,2209.81,0.0,44.0,15.0,370.0,0.0,0.0,New
SKU0019,Appliances 0019,Kitchen,Appliances,2026-01-12,2,16.189907019084167,10.945170177514495,21.43464386065384,53.0,2209.81,1419.45,2209.81,0.0,44.0,15.0,370.0,0.0,0.0,New
SKU0019,Appliances 0019,Kitchen,Appliances,2026-01-19,3,0.0,0.0,5.244736841569671,64.0,2209.81,1419.45,2209.81,0.0,44.0,15.0,370.0,0.0,0.0,New
SKU0019,Appliances 0019,Kitchen,Appliances,2026-01-26,4,15.948727277803558,10.703990436233887,21.19346411937323,49.0,2209.81,1419.45,2209.81,0.0,44.0,15.0,370.0,0.0,0.0,New
SKU0019,Appliances 0019,Kitchen,Appliances,2026-02-02,5,26.584622007512976,21.339885165943304,31.82935884908265,77.0,2209.81,1419.45,2209.81,0.0,44.0,15.0,370.0,0.0,0.0,New
SKU0019,Appliances 0019,Kitchen,Appliances,2026-02-09,6,7.799212982417281,2.5544761408476093,13.043949823986953,65.0,2209.81,1419.45,2209.81,0.0,44.0,15.0,370.0,0.0,0.0,New
SKU0019,Appliances 0019,Kitchen,Appliances,2026-02-16,7,10.728585542670775,5.4838487011011035,15.973322384240447,75.0,2209.81,1419.45,2209.81,0.0,44.0,15.0,370.0,0.0,0.0,New
SKU0019,Appliances 0019,Kitchen,Appliances,2026-02-23,8,27.93217028705816,22.687433445488487,33.17690712862783,64.0,2209.81,1419.45,2209.81,0.0,44.0,15.0,370.0,0.0,0.0,New
SKU0020,Bedsheets 0020,Bedding,Bedsheets,2026-01-05,1,1.742873217681371,0.0,6.987610059251042,12.0,2702.83,1815.41,2702.83,0.0,39.0,10.0,36.0,0.0,0.0,Mature
SKU0020,Bedsheets 0020,Bedding,Bedsheets,2026-01-12,2,0.5640138775655856,0.0,5.808750719135257,6.0,2702.83,1815.41,2702.83,0.0,39.0,10.0,36.0,0.0,0.0,Mature
SKU0020,Bedsheets 0020,Bedding,Bedsheets,2026-01-19,3,44.870432159143704,39.625695317574035,50.11516900071337,6.0,2702.83,1815.41,2702.83,0.0,39.0,10.0,36.0,0.0,0.0,Mature
SKU0020,Bedsheets 0020,Bedding,Bedsheets,2026-01-26,4,3.0743720642048906,0.0,8.319108905774563,12.0,2702.83,1815.41,2702.83,0.0,39.0,10.0,36.0,0.0,0.0,Mature
SKU0020,Bedsheets 0020,Bedding,Bedsheets,2026-02-02,5,3.2264563530659487,0.0,8.471193194635621,10.0,2702.83,1815.41,2702.83,0.0,39.0,10.0,36.0,0.0,0.0,Mature
SKU0020,Bedsheets 0020,Bedding,Bedsheets,2026-02-09,6,0.0,0.0,5.244736841569671,4.0,2702.83,1815.41,2702.83,0.0,39.0,10.0,36.0,0.0,0.0,Mature
SKU0020,Bedsheets 0020,Bedding,Bedsheets,2026-02-16,7,2.648096816712286,0.0,7.892833658281957,9.0,2702.83,1815.41,2702.83,0.0,39.0,10.0,36.0,0.0,0.0,Mature
SKU0020,Bedsheets 0020,Bedding,Bedsheets,2026-02-23,8,12.809814641459386,7.565077799889715,18.05455148302906,2.0,2702.83,1815.41,2702.83,0.0,39.0,10.0,36.0,0.0,0.0,Mature
SKU0021,Decor Lights 0021,Lighting,Decor Lights,2026-01-05,1,8.502075830280827,3.2573389887111555,13.746812671850499,30.0,1804.52,1019.76,1804.52,7.0,23.0,14.0,146.0,0.0,0.0,Mature
SKU0021,Decor Lights 0021,Lighting,Decor Lights,2026-01-12,2,8.84781771996472,3.6030808783950485,14.092554561534392,31.0,1804.52,1019.76,1804.52,7.0,23.0,14.0,146.0,0.0,0.0,Mature
SKU0021,Decor Lights 0021,Lighting,Decor Lights,2026-01-19,3,12.404366592659436,7.159629751089764,17.649103434229108,27.0,1804.52,1019.76,1804.52,7.0,23.0,14.0,146.0,0.0,0.0,Mature
SKU0021,Decor Lights 0021,Lighting,Decor Lights,2026-01-26,4,0.0,0.0,5.244736841569671,26.0,1804.52,1019.76,1804.52,7.0,23.0,14.0,146.0,0.0,0.0,Mature
SKU0021,Decor Lights 0021,Lighting,Decor Lights,2026-02-02,5,16.90652034646851,11.661783504898839,22.151257188038183,31.0,1804.52,1019.76,1804.52,7.0,23.0,14.0,146.0,0.0,0.0,Mature
SKU0021,Decor Lights 0021,Lighting,Decor Lights,2026-02-09,6,12.807954016164945,7.563217174595274,18.052690857734618,45.0,1804.52,1019.76,1804.52,7.0,23.0,14.0,146.0,0.0,0.0,Mature
SKU0021,Decor Lights 0021,Lighting,Decor Lights,2026-02-16,7,21.312624532590156,16.067887691020484,26.55736137415983,33.0,1804.52,1019.76,1804.52,7.0,23.0,14.0,146.0,0.0,0.0,Mature
SKU0021,Decor Lights 0021,Lighting,Decor Lights,2026-02-23,8,0.0,0.0,5.244736841569671,21.0,1804.52,1019.76,1804.52,7.0,23.0,14.0,146.0,0.0,0.0,Mature
SKU0022,Serveware 0022,Kitchen,Serveware,2026-01-05,1,0.01663358646755242,0.0,5.261370428037224,0.0,1904.42,1186.22,1947.26,70.0,148.0,16.0,87.0,1.0,4.0,New
SKU0022,Serveware 0022,Kitchen,Serveware,2026-01-12,2,4.184503016408822,0.0,9.429239857978494,0.0,1904.42,1186.22,1947.26,70.0,148.0,16.0,87.0,1.0,4.0,New
SKU0022,Serveware 0022,Kitchen,Serveware,2026-01-19,3,17.84699941069735,12.602262569127678,23.091736252267022,0.0,1904.42,1186.22,1947.26,70.0,148.0,16.0,87.0,1.0,4.0,New
SKU0022,Serveware 0022,Kitchen,Serveware,2026-01-26,4,15.841723358879808,10.596986517310135,21.08646020044948,0.0,1904.42,1186.22,1947.26,70.0,148.0,16.0,87.0,1.0,4.0,New
SKU0022,Serveware 0022,Kitchen,Serveware,2026-02-02,5,15.11890258270143,9.874165741131758,20.363639424271103,18.0,1904.42,1186.22,1947.26,70.0,148.0,16.0,87.0,1.0,4.0,New
SKU0022,Serveware 0022,Kitchen,Serveware,2026-02-09,6,1.6151487638498132,0.0,6.8598856054194846,11.0,1904.42,1186.22,1947.26,70.0,148.0,16.0,87.0,1.0,4.0,New
SKU0022,Serveware 0022,Kitchen,Serveware,2026-02-16,7,13.047385103484324,7.802648261914652,18.292121945053996,13.0,1904.42,1186.22,1947.26,70.0,148.0,16.0,87.0,1.0,4.0,New
SKU0022,Serveware 0022,Kitchen,Serveware,2026-02-23,8,8.400318164623155,3.1555813230534833,13.645055006192827,11.0,1904.42,1186.22,1947.26,70.0,148.0,16.0,87.0,1.0,4.0,New
SKU0023,Tables 0023,Furniture,Tables,2026-01-05,1,6.449847958267171,1.2051111166974993,11.694584799836843,25.0,3013.33,1680.8,3013.33,0.0,170.0,20.0,141.0,0.0,0.0,Mature
SKU0023,Tables 0023,Furniture,Tables,2026-01-12,2,16.00381032859751,10.759073487027838,21.248547170167182,15.0,3013.33,1680.8,3013.33,0.0,170.0,20.0,141.0,0.0,0.0,Mature
SKU0023,Tables 0023,Furniture,Tables,2026-01-19,3,20.93370318217505,15.68896634060538,26.178440023744724,24.0,3013.33,1680.8,3013.33,0.0,170.0,20.0,141.0,0.0,0.0,Mature
SKU0023,Tables 0023,Furniture,Tables,2026-01-26,4,0.0,0.0,5.244736841569671,25.0,3013.33,1680.8,3013.33,0.0,170.0,20.0,141.0,0.0,0.0,Mature
SKU0023,Tables 0023,Furniture,Tables,2026-02-02,5,17.750440327615348,12.505703486045675,22.99517716918502,20.0,3013.33,1680.8,3013.33,0.0,170.0,20.0,141.0,0.0,0.0,Mature
SKU0023,Tables 0023,Furniture,Tables,2026-02-09,6,12.908926654773602,7.66418981320393,18.153663496343274,25.0,3013.33,1680.8,3013.33,0.0,170.0,20.0,141.0,0.0,0.0,Mature
SKU0023,Tables 0023,Furniture,Tables,2026-02-16,7,0.32307782229042914,0.0,5.5678146638601005,15.0,3013.33,1680.8,3013.33,0.0,170.0,20.0,141.0,0.0,0.0,Mature
SKU0023,Tables 0023,Furniture,Tables,2026-02-23,8,8.936762010338597,3.692025168768926,14.18149885190827,19.0,3013.33,1680.8,3013.33,0.0,170.0,20.0,141.0,0.0,0.0,Mature
SKU0024,Vases 0024,Home Decor,Vases,2026-01-05,1,19.721996786553042,14.47725994498337,24.966733628122714,27.0,1241.83,754.1,1241.83,0.0,107.0,17.0,132.0,0.0,0.0,Mature
SKU0024,Vases 0024,Home Decor,Vases,2026-01-12,2,16.718025781211544,11.473288939641872,21.962762622781216,21.0,1241.83,754.1,1241.83,0.0,107.0,17.0,132.0,0.0,0.0,Mature
SKU0024,Vases 0024,Home Decor,Vases,2026-01-19,3,0.0,0.0,5.244736841569671,22.0,1241.83,754.1,1241.83,0.0,107.0,17.0,132.0,0.0,0.0,Mature
SKU0024,Vases 0024,Home Decor,Vases,2026-01-26,4,15.256621992742064,10.011885151172393,20.501358834311734,20.0,1241.83,754.1,1241.83,0.0,107.0,17.0,132.0,0.0,0.0,Mature
SKU0024,Vases 0024,Home Decor,Vases,2026-02-02,5,25.69774801114499,20.45301116957532,30.942484852714664,41.0,1241.83,754.1,1241.83,0.0,107.0,17.0,132.0,0.0,0.0,Mature
SKU0024,Vases 0024,Home Decor,Vases,2026-02-09,6,7.685219168003854,2.440482326434183,12.929956009573527,30.0,1241.83,754.1,1241.83,0.0,107.0,17.0,132.0,0.0,0.0,Mature
SKU0024,Vases 0024,Home Decor,Vases,2026-02-16,7,10.5710045238723,5.326267682302629,15.815741365441973,26.0,1241.83,754.1,1241.83,0.0,107.0,17.0,132.0,0.0,0.0,Mature
SKU0024,Vases 0024,Home Decor,Vases,2026-02-23,8,27.35941684767549,22.114680006105818,32.60415368924516,37.0,1241.83,754.1,1241.83,0.0,107.0,17.0,132.0,0.0,0.0,Mature
SKU0025,Storage Jars 0025,Kitchen,Storage Jars,2026-01-05,1,1.9344020034390184,0.0,7.17913884500869,32.0,401.5366666666667,222.99,440.12,0.0,29.0,18.0,220.0,0.0,0.0,New
SKU0025,Storage Jars 0025,Kitchen,Storage Jars,2026-01-12,2,0.44725508831443506,0.0,5.691991929884106,29.0,401.5366666666667,222.99,440.12,0.0,29.0,18.0,220.0,0.0,0.0,New
SKU0025,Storage Jars 0025,Kitchen,Storage Jars,2026-01-19,3,45.351411061396554,40.106674219826886,50.59614790296622,40.0,401.5366666666667,222.99,440.12,0.0,29.0,18.0,220.0,0.0,0.0,New
SKU0025,Storage Jars 0025,Kitchen,Storage Jars,2026-01-26,4,3.0640490038937997,0.0,8.308785845463472,40.0,401.5366666666667,222.99,440.12,0.0,29.0,18.0,220.0,0.0,0.0,New
SKU0025,Storage Jars 0025,Kitchen,Storage Jars,2026-02-02,5,2.8862816766797614,0.0,8.131018518249434,32.0,401.5366666666667,222.99,440.12,0.0,29.0,18.0,220.0,0.0,0.0,New
SKU0025,Storage Jars 0025,Kitchen,Storage Jars,2026-02-09,6,0.0,0.0,5.244736841569671,37.0,401.5366666666667,222.99,440.12,0.0,29.0,18.0,220.0,0.0,0.0,New
SKU0025,Storage Jars 0025,Kitchen,Storage Jars,2026-02-16,7,2.673383883488107,0.0,7.918120725057778,27.0,401.5366666666667,222.99,440.12,0.0,29.0,18.0,220.0,0.0,0.0,New
SKU0025,Storage Jars 0025,Kitchen,Storage Jars,2026-02-23,8,12.369512025457084,7.1247751838874125,17.614248867026756,32.0,401.5366666666667,222.99,440.12,0.0,29.0,18.0,220.0,0.0,0.0,New
SKU0026,Cookware 0026,Kitchen,Cookware,2026-01-05,1,8.542936411849382,3.298199570279711,13.787673253419054,20.0,1751.8366666666668,792.08,1957.36,0.0,127.0,17.0,119.0,0.0,1.0,Slow Moving
SKU0026,Cookware 0026,Kitchen,Cookware,2026-01-12,2,8.735289211864668,3.4905523702949965,13.98002605343434,23.0,1751.8366666666668,792.08,1957.36,0.0,127.0,17.0,119.0,0.0,1.0,Slow Moving
SKU0026,Cookware 0026,Kitchen,Cookware,2026-01-19,3,13.55380510521264,8.309068263642967,18.79854194678231,11.0,1751.8366666666668,792.08,1957.36,0.0,127.0,17.0,119.0,0.0,1.0,Slow Moving
SKU0026,Cookware 0026,Kitchen,Cookware,2026-01-26,4,0.0,0.0,5.244736841569671,21.0,1751.8366666666668,792.08,1957.36,0.0,127.0,17.0,119.0,0.0,1.0,Slow Moving
SKU0026,Cookware 0026,Kitchen,Cookware,2026-02-02,5,15.994896882884143,10.750160041314473,21.239633724453814,14.0,1751.8366666666668,792.08,1957.36,0.0,127.0,17.0,119.0,0.0,1.0,Slow Moving
SKU0026,Cookware 0026,Kitchen,Cookware,2026-02-09,6,12.612753452152866,7.368016610583195,17.857490293722538,25.0,1751.8366666666668,792.08,1957.36,0.0,127.0,17.0,119.0,0.0,1.0,Slow Moving
SKU0026,Cookware 0026,Kitchen,Cookware,2026-02-16,7,20.446237388695764,15.201500547126091,25.690974230265436,26.0,1751.8366666666668,792.08,1957.36,0.0,127.0,17.0,119.0,0.0,1.0,Slow Moving
SKU0026,Cookware 0026,Kitchen,Cookware,2026-02-23,8,0.0,0.0,5.244736841569671,23.0,1751.8366666666668,792.08,1957.36,0.0,127.0,17.0,119.0,0.0,1.0,Slow Moving
SKU0027,Comforters 0027,Bedding,Comforters,2026-01-05,1,0.0,0.0,5.244736841569671,0.0,3505.1,2292.84,3505.1,7.0,19.0,11.0,16.0,0.0,0.0,New
SKU0027,Comforters 0027,Bedding,Comforters,2026-01-12,2,4.623200350239099,0.0,9.867937191808771,1.0,3505.1,2292.84,3505.1,7.0,19.0,11.0,16.0,0.0,0.0,New
SKU0027,Comforters 0027,Bedding,Comforters,2026-01-19,3,17.31305727420272,12.068320432633048,22.557794115772392,3.0,3505.1,2292.84,3505.1,7.0,19.0,11.0,16.0,0.0,0.0,New
SKU0027,Comforters 0027,Bedding,Comforters,2026-01-26,4,16.31397220704048,11.069235365470806,21.55870904861015,2.0,3505.1,2292.84,3505.1,7.0,19.0,11.0,16.0,0.0,0.0,New
SKU0027,Comforters 0027,Bedding,Comforters,2026-02-02,5,14.984791474208825,9.740054632639154,20.229528315778495,1.0,3505.1,2292.84,3505.1,7.0,19.0,11.0,16.0,0.0,0.0,New
SKU0027,Comforters 0027,Bedding,Comforters,2026-02-09,6,1.5299164810893195,0.0,6.774653322658991,1.0,3505.1,2292.84,3505.1,7.0,19.0,11.0,16.0,0.0,0.0,New
SKU0027,Comforters 0027,Bedding,Comforters,2026-02-16,7,12.844373733063847,7.599636891494176,18.08911057463352,1.0,3505.1,2292.84,3505.1,7.0,19.0,11.0,16.0,0.0,0.0,New
SKU0027,Comforters 0027,Bedding,Comforters,2026-02-23,8,8.275852772744873,3.0311159311752016,13.520589614314545,3.0,3505.1,2292.84,3505.1,7.0,19.0,11.0,16.0,0.0,0.0,New
SKU0028,Appliances 0028,Kitchen,Appliances,2026-01-05,1,6.694852705765513,1.4501158641958414,11.939589547335185,52.0,3148.44,1526.2,3148.44,0.0,29.0,19.0,248.0,0.0,0.0,New
SKU0028,Appliances 0028,Kitchen,Appliances,2026-01-12,2,15.629303138049307,10.384566296479637,20.874039979618978,39.0,3148.44,1526.2,3148.44,0.0,29.0,19.0,248.0,0.0,0.0,New
SKU0028,Appliances 0028,Kitchen,Appliances,2026-01-19,3,21.191580162284204,15.946843320714532,26.436317003853876,34.0,3148.44,1526.2,3148.44,0.0,29.0,19.0,248.0,0.0,0.0,New
SKU0028,Appliances 0028,Kitchen,Appliances,2026-01-26,4,0.0,0.0,5.244736841569671,44.0,3148.44,1526.2,3148.44,0.0,29.0,19.0,248.0,0.0,0.0,New
SKU0028,Appliances 0028,Kitchen,Appliances,2026-02-02,5,17.152850406194364,11.908113564624692,22.397587247764037,41.0,3148.44,1526.2,3148.44,0.0,29.0,19.0,248.0,0.0,0.0,New
SKU0028,Appliances 0028,Kitchen,Appliances,2026-02-09,6,13.299482129086982,8.05474528751731,18.544218970656654,39.0,3148.44,1526.2,3148.44,0.0,29.0,19.0,248.0,0.0,0.0,New
SKU0028,Appliances 0028,Kitchen,Appliances,2026-02-16,7,0.0831322374243797,0.0,5.327869078994051,36.0,3148.44,1526.2,3148.44,0.0,29.0,19.0,248.0,0.0,0.0,New
SKU0028,Appliances 0028,Kitchen,Appliances,2026-02-23,8,9.231142881345999,3.9864060397763277,14.475879722915671,32.0,3148.44,1526.2,3148.44,0.0,29.0,19.0,248.0,0.0,0.0,New
SKU0029,Mirrors 0029,Home Decor,Mirrors,2026-01-05,1,21.00747486869142,15.762738027121749,26.252211710261093,70.0,3495.91,1452.04,3495.91,0.0,334.0,20.0,381.0,0.0,0.0,Mature
SKU0029,Mirrors 0029,Home Decor,Mirrors,2026-01-12,2,16.89866282231552,11.653925980745846,22.14339966388519,37.0,3495.91,1452.04,3495.91,0.0,334.0,20.0,381.0,0.0,0.0,Mature
SKU0029,Mirrors 0029,Home Decor,Mirrors,2026-01-19,3,0.0,0.0,5.244736841569671,34.0,3495.91,1452.04,3495.91,0.0,334.0,20.0,381.0,0.0,0.0,Mature
SKU0029,Mirrors 0029,Home Decor,Mirrors,2026-01-26,4,15.211340034354684,9.966603192785012,20.456076875924357,40.0,3495.91,1452.04,3495.91,0.0,334.0,20.0,381.0,0.0,0.0,Mature
SKU0029,Mirrors 0029,Home Decor,Mirrors,2026-02-02,5,26.600799669713,21.356062828143326,31.84553651128267,59.0,3495.91,1452.04,3495.91,0.0,334.0,20.0,381.0,0.0,0.0,Mature
SKU0029,Mirrors 0029,Home Decor,Mirrors,2026-02-09,6,8.28651852644633,3.041781684876658,13.531255368016001,56.0,3495.91,1452.04,3495.91,0.0,334.0,20.0,381.0,0.0,0.0,Mature
SKU0029,Mirrors 0029,Home Decor,Mirrors,2026-02-16,7,10.657701532048925,5.412964690479254,15.902438373618597,64.0,3495.91,1452.04,3495.91,0.0,334.0,20.0,381.0,0.0,0.0,Mature
SKU0029,Mirrors 0029,Home Decor,Mirrors,2026-02-23,8,26.64879121140504,21.404054369835368,31.893528052974712,24.0,3495.91,1452.04,3495.91,0.0,334.0,20.0,381.0,0.0,0.0,Mature
SKU0030,Cookware 0030,Kitchen,Cookware,2026-01-05,1,1.6508108700282307,0.0,6.895547711597902,9.0,1734.47,591.53,1734.47,2.0,83.0,11.0,70.0,0.0,0.0,New
SKU0030,Cookware 0030,Kitchen,Cookware,2026-01-12,2,0.0,0.0,5.244736841569671,15.0,1734.47,591.53,1734.47,2.0,83.0,11.0,70.0,0.0,0.0,New
SKU0030,Cookware 0030,Kitchen,Cookware,2026-01-19,3,44.525203599070736,39.28046675750107,49.769940440640404,18.0,1734.47,591.53,1734.47,2.0,83.0,11.0,70.0,0.0,0.0,New
SKU0030,Cookware 0030,Kitchen,Cookware,2026-01-26,4,3.360231593400375,0.0,8.604968434970047,20.0,1734.47,591.53,1734.47,2.0,83.0,11.0,70.0,0.0,0.0,New
SKU0030,Cookware 0030,Kitchen,Cookware,2026-02-02,5,3.0401153286364107,0.0,8.284852170206083,15.0,1734.47,591.53,1734.47,2.0,83.0,11.0,70.0,0.0,0.0,New
SKU0030,Cookware 0030,Kitchen,Cookware,2026-02-09,6,0.0,0.0,5.244736841569671,10.0,1734.47,591.53,1734.47,2.0,83.0,11.0,70.0,0.0,0.0,New
SKU0030,Cookware 0030,Kitchen,Cookware,2026-02-16,7,2.5215902045181693,0.0,7.766327046087841,24.0,1734.47,591.53,1734.47,2.0,83.0,11.0,70.0,0.0,0.0,New
SKU0030,Cookware 0030,Kitchen,Cookware,2026-02-23,8,12.165383207796971,6.9206463662273,17.410120049366643,26.0,1734.47,591.53,1734.47,2.0,83.0,11.0,70.0,0.0,0.0,New
SKU0031,Chairs 0031,Furniture,Chairs,2026-01-05,1,8.466240856081853,3.221504014512182,13.710977697651526,15.0,2934.795,2049.97,3331.21,0.0,16.0,10.0,53.0,0.0,0.0,Mature
SKU0031,Chairs 0031,Furniture,Chairs,2026-01-12,2,8.799547058649338,3.554810217079667,14.04428390021901,11.0,2934.795,2049.97,3331.21,0.0,16.0,10.0,53.0,0.0,0.0,Mature
SKU0031,Chairs 0031,Furniture,Chairs,2026-01-19,3,13.03615727428242,7.791420432712749,18.280894115852092,14.0,2934.795,2049.97,3331.21,0.0,16.0,10.0,53.0,0.0,0.0,Mature
SKU0031,Chairs 0031,Furniture,Chairs,2026-01-26,4,0.0,0.0,5.244736841569671,23.0,2934.795,2049.97,3331.21,0.0,16.0,10.0,53.0,0.0,0.0,Mature
SKU0031,Chairs 0031,Furniture,Chairs,2026-02-02,5,15.633745484116968,10.389008642547296,20.87848232568664,20.0,2934.795,2049.97,3331.21,0.0,16.0,10.0,53.0,0.0,0.0,Mature
SKU0031,Chairs 0031,Furniture,Chairs,2026-02-09,6,13.07259738806523,7.827860546495558,18.317334229634902,20.0,2934.795,2049.97,3331.21,0.0,16.0,10.0,53.0,0.0,0.0,Mature
SKU0031,Chairs 0031,Furniture,Chairs,2026-02-16,7,20.464368659165437,15.219631817595765,25.70910550073511,12.0,2934.795,2049.97,3331.21,0.0,16.0,10.0,53.0,0.0,0.0,Mature
SKU0031,Chairs 0031,Furniture,Chairs,2026-02-23,8,0.0,0.0,5.244736841569671,8.0,2934.795,2049.97,3331.21,0.0,16.0,10.0,53.0,0.0,0.0,Mature
SKU0032,Tables 0032,Furniture,Tables,2026-01-05,1,0.0,0.0,5.244736841569671,80.0,3789.65,2114.03,3789.65,0.0,151.0,13.0,203.0,0.0,0.0,Growth
SKU0032,Tables 0032,Furniture,Tables,2026-01-12,2,4.5883394561875015,0.0,9.833076297757174,55.0,3789.65,2114.03,3789.65,0.0,151.0,13.0,203.0,0.0,0.0,Growth
SKU0032,Tables 0032,Furniture,Tables,2026-01-19,3,18.257452164929273,13.0127153233596,23.502189006498945,46.0,3789.65,2114.03,3789.65,0.0,151.0,13.0,203.0,0.0,0.0,Growth
SKU0032,Tables 0032,Furniture,Tables,2026-01-26,4,16.595479397073593,11.35074255550392,21.840216238643265,73.0,3789.65,2114.03,3789.65,0.0,151.0,13.0,203.0,0.0,0.0,Growth
SKU0032,Tables 0032,Furniture,Tables,2026-02-02,5,14.74150722368074,9.49677038211107,19.98624406525041,60.0,3789.65,2114.03,3789.65,0.0,151.0,13.0,203.0,0.0,0.0,Growth
SKU0032,Tables 0032,Furniture,Tables,2026-02-09,6,1.9130782164042017,0.0,7.157815057973873,39.0,3789.65,2114.03,3789.65,0.0,151.0,13.0,203.0,0.0,0.0,Growth
SKU0032,Tables 0032,Furniture,Tables,2026-02-16,7,12.72209431383785,7.477357472268179,17.966831155407522,46.0,3789.65,2114.03,3789.65,0.0,151.0,13.0,203.0,0.0,0.0,Growth
SKU0032,Tables 0032,Furniture,Tables,2026-02-23,8,7.937800473042962,2.693063631473291,13.182537314612635,31.0,3789.65,2114.03,3789.65,0.0,151.0,13.0,203.0,0.0,0.0,Growth
SKU0033,Tables 0033,Furniture,Tables,2026-01-05,1,6.439319590780858,1.194582749211187,11.68405643235053,23.0,6281.13,2263.24,6281.13,0.0,19.0,8.0,48.0,0.0,0.0,Mature
SKU0033,Tables 0033,Furniture,Tables,2026-01-12,2,15.913346456811851,10.668609615242179,21.158083298381523,22.0,6281.13,2263.24,6281.13,0.0,19.0,8.0,48.0,0.0,0.0,Mature
SKU0033,Tables 0033,Furniture,Tables,2026-01-19,3,20.614621506106708,15.369884664537036,25.85935834767638,12.0,6281.13,2263.24,6281.13,0.0,19.0,8.0,48.0,0.0,0.0,Mature
SKU0033,Tables 0033,Furniture,Tables,2026-01-26,4,0.0,0.0,5.244736841569671,16.0,6281.13,2263.24,6281.13,0.0,19.0,8.0,48.0,0.0,0.0,Mature
SKU0033,Tables 0033,Furniture,Tables,2026-02-02,5,16.647427985660734,11.402691144091062,21.892164827230406,16.0,6281.13,2263.24,6281.13,0.0,19.0,8.0,48.0,0.0,0.0,Mature
SKU0033,Tables 0033,Furniture,Tables,2026-02-09,6,13.359642469785754,8.114905628216082,18.604379311355427,14.0,6281.13,2263.24,6281.13,0.0,19.0,8.0,48.0,0.0,0.0,Mature
SKU0033,Tables 0033,Furniture,Tables,2026-02-16,7,0.49258616524046417,0.0,5.7373230068101355,14.0,6281.13,2263.24,6281.13,0.0,19.0,8.0,48.0,0.0,0.0,Mature
SKU0033,Tables 0033,Furniture,Tables,2026-02-23,8,9.062438217879603,3.8177013763099312,14.307175059449275,13.0,6281.13,2263.24,6281.13,0.0,19.0,8.0,48.0,0.0,0.0,Mature
SKU0034,Storage Jars 0034,Kitchen,Storage Jars,2026-01-05,1,20.47639882384701,15.231661982277338,25.721135665416682,25.0,1756.02,1110.8,1756.02,8.0,137.0,27.0,179.0,0.0,1.0,Mature
SKU0034,Storage Jars 0034,Kitchen,Storage Jars,2026-01-12,2,16.138829783349266,10.894092941779594,21.383566624918938,16.0,1756.02,1110.8,1756.02,8.0,137.0,27.0,179.0,0.0,1.0,Mature
SKU0034,Storage Jars 0034,Kitchen,Storage Jars,2026-01-19,3,0.0,0.0,5.244736841569671,12.0,1756.02,1110.8,1756.02,8.0,137.0,27.0,179.0,0.0,1.0,Mature
SKU0034,Storage Jars 0034,Kitchen,Storage Jars,2026-01-26,4,14.82861337154069,9.583876529971018,20.073350213110363,14.0,1756.02,1110.8,1756.02,8.0,137.0,27.0,179.0,0.0,1.0,Mature
SKU0034,Storage Jars 0034,Kitchen,Storage Jars,2026-02-02,5,25.654362628764904,20.409625787195232,30.899099470334576,17.0,1756.02,1110.8,1756.02,8.0,137.0,27.0,179.0,0.0,1.0,Mature
SKU0034,Storage Jars 0034,Kitchen,Storage Jars,2026-02-09,6,7.281024578215366,2.0362877366456944,12.525761419785038,22.0,1756.02,1110.8,1756.02,8.0,137.0,27.0,179.0,0.0,1.0,Mature
SKU0034,Storage Jars 0034,Kitchen,Storage Jars,2026-02-16,7,10.885497296860606,5.640760455290935,16.13023413843028,11.0,1756.02,1110.8,1756.02,8.0,137.0,27.0,179.0,0.0,1.0,Mature
SKU0034,Storage Jars 0034,Kitchen,Storage Jars,2026-02-23,8,27.14958833305129,21.90485149148162,32.39432517462096,14.0,1756.02,1110.8,1756.02,8.0,137.0,27.0,179.0,0.0,1.0,Mature
SKU0035,Decor Lights 0035,Lighting,Decor Lights,2026-01-05,1,1.800585045917913,0.0,7.045321887487584,0.0,1026.11,492.96,1026.11,339.0,40.0,7.0,221.0,6.0,14.0,New
SKU0035,Decor Lights 0035,Lighting,Decor Lights,2026-01-12,2,0.7595462081736386,0.0,6.00428304974331,0.0,1026.11,492.96,1026.11,339.0,40.0,7.0,221.0,6.0,14.0,New
SKU0035,Decor Lights 0035,Lighting,Decor Lights,2026-01-19,3,44.675554360716305,39.430817519146636,49.92029120228597,0.0,1026.11,492.96,1026.11,339.0,40.0,7.0,221.0,6.0,14.0,New
SKU0035,Decor Lights 0035,Lighting,Decor Lights,2026-01-26,4,3.145484373630392,0.0,8.390221215200064,0.0,1026.11,492.96,1026.11,339.0,40.0,7.0,221.0,6.0,14.0,New
SKU0035,Decor Lights 0035,Lighting,Decor Lights,2026-02-02,5,2.7538135082728026,0.0,7.998550349842474,0.0,1026.11,492.96,1026.11,339.0,40.0,7.0,221.0,6.0,14.0,New
SKU0035,Decor Lights 0035,Lighting,Decor Lights,2026-02-09,6,0.0,0.0,5.244736841569671,0.0,1026.11,492.96,1026.11,339.0,40.0,7.0,221.0,6.0,14.0,New
SKU0035,Decor Lights 0035,Lighting,Decor Lights,2026-02-16,7,2.6124805425318307,0.0,7.857217384101502,0.0,1026.11,492.96,1026.11,339.0,40.0,7.0,221.0,6.0,14.0,New
SKU0035,Decor Lights 0035,Lighting,Decor Lights,2026-02-23,8,12.143548860103273,6.898812018533602,17.388285701672945,61.0,1026.11,492.96,1026.11,339.0,40.0,7.0,221.0,6.0,14.0,New
SKU0036,Wall Art 0036,Home Decor,Wall Art,2026-01-05,1,7.911753821247924,2.6670169796782526,13.156490662817596,0.0,1850.24,853.1,1850.24,143.0,9.0,26.0,81.0,1.0,5.0,Mature
SKU0036,Wall Art 0036,Home Decor,Wall Art,2026-01-12,2,8.810948883870335,3.5662120423006636,14.055685725440007,0.0,1850.24,853.1,1850.24,143.0,9.0,26.0,81.0,1.0,5.0,Mature
SKU0036,Wall Art 0036,Home Decor,Wall Art,2026-01-19,3,11.777938219021685,6.533201377452014,17.022675060591357,9.0,1850.24,853.1,1850.24,143.0,9.0,26.0,81.0,1.0,5.0,Mature
SKU0036,Wall Art 0036,Home Decor,Wall Art,2026-01-26,4,0.0,0.0,5.244736841569671,6.0,1850.24,853.1,1850.24,143.0,9.0,26.0,81.0,1.0,5.0,Mature
SKU0036,Wall Art 0036,Home Decor,Wall Art,2026-02-02,5,15.078958435061933,9.834221593492263,20.323695276631604,4.0,1850.24,853.1,1850.24,143.0,9.0,26.0,81.0,1.0,5.0,Mature
SKU0036,Wall Art 0036,Home Decor,Wall Art,2026-02-09,6,12.224735957394792,6.9799991158251204,17.469472798964464,7.0,1850.24,853.1,1850.24,143.0,9.0,26.0,81.0,1.0,5.0,Mature
SKU0036,Wall Art 0036,Home Decor,Wall Art,2026-02-16,7,20.21516070914688,14.970423867577207,25.45989755071655,4.0,1850.24,853.1,1850.24,143.0,9.0,26.0,81.0,1.0,5.0,Mature
SKU0036,Wall Art 0036,Home Decor,Wall Art,2026-02-23,8,0.0,0.0,5.244736841569671,6.0,1850.24,853.1,1850.24,143.0,9.0,26.0,81.0,1.0,5.0,Mature
SKU0037,Bedsheets 0037,Bedding,Bedsheets,2026-01-05,1,0.0,0.0,5.244736841569671,21.0,6159.73,2374.02,6159.73,1.0,11.0,16.0,66.0,0.0,0.0,Slow Moving
SKU0037,Bedsheets 0037,Bedding,Bedsheets,2026-01-12,2,4.595867400292395,0.0,9.840604241862067,13.0,6159.73,2374.02,6159.73,1.0,11.0,16.0,66.0,0.0,0.0,Slow Moving
SKU0037,Bedsheets 0037,Bedding,Bedsheets,2026-01-19,3,17.989310584188914,12.744573742619242,23.234047425758586,13.0,6159.73,2374.02,6159.73,1.0,11.0,16.0,66.0,0.0,0.0,Slow Moving
SKU0037,Bedsheets 0037,Bedding,Bedsheets,2026-01-26,4,16.849860055942194,11.605123214372522,22.094596897511867,16.0,6159.73,2374.02,6159.73,1.0,11.0,16.0,66.0,0.0,0.0,Slow Moving
SKU0037,Bedsheets 0037,Bedding,Bedsheets,2026-02-02,5,14.080454343078141,8.83571750150847,19.325191184647814,12.0,6159.73,2374.02,6159.73,1.0,11.0,16.0,66.0,0.0,0.0,Slow Moving
SKU0037,Bedsheets 0037,Bedding,Bedsheets,2026-02-09,6,1.6132936664276052,0.0,6.8580305079972765,12.0,6159.73,2374.02,6159.73,1.0,11.0,16.0,66.0,0.0,0.0,Slow Moving
SKU0037,Bedsheets 0037,Bedding,Bedsheets,2026-02-16,7,12.091371048931588,6.846634207361917,17.33610789050126,8.0,6159.73,2374.02,6159.73,1.0,11.0,16.0,66.0,0.0,0.0,Slow Moving
SKU0037,Bedsheets 0037,Bedding,Bedsheets,2026-02-23,8,7.701419943239191,2.45668310166952,12.946156784808863,11.0,6159.73,2374.02,6159.73,1.0,11.0,16.0,66.0,0.0,0.0,Slow Moving
SKU0038,Vases 0038,Home Decor,Vases,2026-01-05,1,6.259699816414706,1.0149629748450346,11.504436657984378,19.0,420.74,234.24,420.74,4.0,90.0,20.0,76.0,0.0,0.0,Mature
SKU0038,Vases 0038,Home Decor,Vases,2026-01-12,2,15.286923475101355,10.042186633531685,20.531660316671026,9.0,420.74,234.24,420.74,4.0,90.0,20.0,76.0,0.0,0.0,Mature
SKU0038,Vases 0038,Home Decor,Vases,2026-01-19,3,19.59147752244816,14.346740680878487,24.83621436401783,7.0,420.74,234.24,420.74,4.0,90.0,20.0,76.0,0.0,0.0,Mature
SKU0038,Vases 0038,Home Decor,Vases,2026-01-26,4,0.0,0.0,5.244736841569671,10.0,420.74,234.24,420.74,4.0,90.0,20.0,76.0,0.0,0.0,Mature
SKU0038,Vases 0038,Home Decor,Vases,2026-02-02,5,16.801419376933914,11.556682535364242,22.046156218503587,8.0,420.74,234.24,420.74,4.0,90.0,20.0,76.0,0.0,0.0,Mature
SKU0038,Vases 0038,Home Decor,Vases,2026-02-09,6,13.021663701290194,7.776926859720523,18.266400542859866,10.0,420.74,234.24,420.74,4.0,90.0,20.0,76.0,0.0,0.0,Mature
SKU0038,Vases 0038,Home Decor,Vases,2026-02-16,7,0.0,0.0,5.244736841569671,13.0,420.74,234.24,420.74,4.0,90.0,20.0,76.0,0.0,0.0,Mature
SKU0038,Vases 0038,Home Decor,Vases,2026-02-23,8,8.981764579800398,3.7370277382307266,14.22650142137007,8.0,420.74,234.24,420.74,4.0,90.0,20.0,76.0,0.0,0.0,Mature
SKU0039,Comforters 0039,Bedding,Comforters,2026-01-05,1,19.183201228202424,13.938464386632752,24.427938069772097,8.0,1681.605,603.26,1736.3,4.0,41.0,20.0,61.0,0.0,0.0,Slow Moving
SKU0039,Comforters 0039,Bedding,Comforters,2026-01-12,2,16.353378785508653,11.10864194393898,21.598115627078325,7.0,1681.605,603.26,1736.3,4.0,41.0,20.0,61.0,0.0,0.0,Slow Moving
SKU0039,Comforters 0039,Bedding,Comforters,2026-01-19,3,0.0,0.0,5.244736841569671,7.0,1681.605,603.26,1736.3,4.0,41.0,20.0,61.0,0.0,0.0,Slow Moving
SKU0039,Comforters 0039,Bedding,Comforters,2026-01-26,4,14.43405696574623,9.189320124176557,19.678793807315902,3.0,1681.605,603.26,1736.3,4.0,41.0,20.0,61.0,0.0,0.0,Slow Moving
SKU0039,Comforters 0039,Bedding,Comforters,2026-02-02,5,25.961204468805718,20.716467627236046,31.20594131037539,10.0,1681.605,603.26,1736.3,4.0,41.0,20.0,61.0,0.0,0.0,Slow Moving
SKU0039,Comforters 0039,Bedding,Comforters,2026-02-09,6,7.3915433269083195,2.146806485338648,12.636280168477992,7.0,1681.605,603.26,1736.3,4.0,41.0,20.0,61.0,0.0,0.0,Slow Moving
SKU0039,Comforters 0039,Bedding,Comforters,2026-02-16,7,10.91392809108342,5.669191249513749,16.158664932653092,12.0,1681.605,603.26,1736.3,4.0,41.0,20.0,61.0,0.0,0.0,Slow Moving
SKU0039,Comforters 0039,Bedding,Comforters,2026-02-23,8,26.822555264102505,21.577818422532832,32.06729210567217,8.0,1681.605,603.26,1736.3,4.0,41.0,20.0,61.0,0.0,0.0,Slow Moving
SKU0040,Candles 0040,Home Decor,Candles,2026-01-05,1,1.1637919211021384,0.0,6.40852876267181,27.0,507.75,261.5,507.75,4.0,211.0,16.0,140.0,0.0,0.0,Mature
SKU0040,Candles 0040,Home Decor,Candles,2026-01-12,2,0.5879096623938729,0.0,5.832646503963544,9.0,507.75,261.5,507.75,4.0,211.0,16.0,140.0,0.0,0.0,Mature
SKU0040,Candles 0040,Home Decor,Candles,2026-01-19,3,42.2137564558431,36.96901961427343,47.458493297412765,16.0,507.75,261.5,507.75,4.0,211.0,16.0,140.0,0.0,0.0,Mature
SKU0040,Candles 0040,Home Decor,Candles,2026-01-26,4,3.197565834755512,0.0,8.442302676325184,23.0,507.75,261.5,507.75,4.0,211.0,16.0,140.0,0.0,0.0,Mature
SKU0040,Candles 0040,Home Decor,Candles,2026-02-02,5,2.7214851762479064,0.0,7.966222017817578,24.0,507.75,261.5,507.75,4.0,211.0,16.0,140.0,0.0,0.0,Mature
SKU0040,Candles 0040,Home Decor,Candles,2026-02-09,6,0.0,0.0,5.244736841569671,25.0,507.75,261.5,507.75,4.0,211.0,16.0,140.0,0.0,0.0,Mature
SKU0040,Candles 0040,Home Decor,Candles,2026-02-16,7,2.7478117411761502,0.0,7.992548582745822,18.0,507.75,261.5,507.75,4.0,211.0,16.0,140.0,0.0,0.0,Mature
SKU0040,Candles 0040,Home Decor,Candles,2026-02-23,8,12.208605466209658,6.963868624639987,17.45334230777933,13.0,507.75,261.5,507.75,4.0,211.0,16.0,140.0,0.0,0.0,Mature
